Vendor_ID,Orders,Late_Rate_Pct,Avg_Delay,Spend,Vendor_Name,Vendor_Category,Vendor_Tier,Reliability_Score,Return_Lines,Return_Value,Return_Rate_Pct,Risk_Points,Risk_Band
VND00936,47,80.43,12.22,297167396.21,Vendor_0936,Packaging,Tier 3,49.1,5.0,2825613.17,10.64,4,High Risk
VND00623,47,73.91,9.07,277835198.51,Vendor_0623,Packaging,Tier 3,55.9,6.0,2157263.89,12.77,4,High Risk
VND00146,47,71.11,6.71,340804512.35,Vendor_0146,Raw Material,Tier 3,32.6,8.0,7175342.03,17.02,4,High Risk
VND00946,44,70.73,8.39,280116100.95,Vendor_0946,Machinery,Tier 3,30.8,6.0,2898301.92,13.64,4,High Risk
VND00905,39,70.27,8.05,212208576.33,Vendor_0905,Textiles,Tier 3,59.5,5.0,4805955.02,12.82,4,High Risk
VND00340,47,69.77,7.4,285794276.53,Vendor_0340,Textiles,Tier 3,36.8,6.0,5094664.77,12.77,4,High Risk
VND00437,42,69.44,7.69,273147793.0,Vendor_0437,Raw Material,Tier 3,35.1,6.0,3687615.44,14.29,4,High Risk
VND00047,45,69.05,8.79,368764039.32,Vendor_0047,Logistics,Tier 3,51.8,5.0,3968816.39,11.11,4,High Risk
VND00144,60,68.42,10.4,370920207.34,Vendor_0144,Raw Material,Tier 3,51.1,7.0,6319834.61,11.67,4,High Risk
VND00190,61,68.42,9.68,394030965.88,Vendor_0190,Raw Material,Tier 3,46.9,6.0,2179702.12,9.84,4,High Risk
VND00330,51,68.09,9.32,325830132.51,Vendor_0330,Raw Material,Tier 3,47.3,5.0,5115896.29,9.8,4,High Risk
VND00599,46,67.5,7.9,263483538.19,Vendor_0599,Machinery,Tier 3,43.5,5.0,1982119.28,10.87,4,High Risk
VND00072,50,67.39,7.61,390623710.08,Vendor_0072,Textiles,Tier 3,43.9,9.0,3042861.6,18.0,4,High Risk
VND00007,53,67.35,8.78,357885564.64,Vendor_0007,Raw Material,Tier 3,34.1,7.0,4241910.43,13.21,4,High Risk
VND00516,47,66.67,8.43,355206855.51,Vendor_0516,Chemicals,Tier 3,31.8,5.0,4765848.1,10.64,4,High Risk
VND00831,58,66.67,8.46,349934109.33,Vendor_0831,Textiles,Tier 3,45.7,6.0,6063186.96,10.34,4,High Risk
VND00168,51,65.96,7.49,297796750.5,Vendor_0168,Textiles,Tier 3,43.1,5.0,4384870.21,9.8,4,High Risk
VND00366,48,65.96,7.72,262336929.2,Vendor_0366,Electronics,Tier 3,57.0,9.0,4894087.64,18.75,4,High Risk
VND00591,53,64.58,9.35,288706826.22,Vendor_0591,Logistics,Tier 3,39.7,7.0,6215096.29,13.21,4,High Risk
VND00101,50,64.44,8.33,314929035.77,Vendor_0101,Packaging,Tier 3,32.2,9.0,3586079.09,18.0,4,High Risk
VND00665,60,64.29,8.55,295375991.09,Vendor_0665,Machinery,Tier 3,37.1,7.0,5191895.07,11.67,4,High Risk
VND00453,39,64.1,8.28,286446311.84,Vendor_0453,IT Services,Tier 3,59.7,6.0,6256975.84,15.38,4,High Risk
VND00496,41,64.1,8.05,253255935.77,Vendor_0496,Packaging,Tier 3,54.7,5.0,2663283.24,12.2,4,High Risk
VND00059,47,63.64,7.91,308896135.06,Vendor_0059,Packaging,Tier 3,33.2,6.0,5614812.19,12.77,4,High Risk
VND00252,41,63.16,7.95,337230114.04,Vendor_0252,Machinery,Tier 3,57.0,4.0,3713356.17,9.76,4,High Risk
VND00345,51,63.04,9.15,272283798.15,Vendor_0345,Unknown,Tier 3,57.9,6.0,5441369.68,11.76,4,High Risk
VND00195,38,62.86,7.69,207512391.05,Vendor_0195,Unknown,Tier 3,53.7,7.0,6249576.78,18.42,4,High Risk
VND00308,43,62.79,7.63,255009839.84,Vendor_0308,Electronics,Tier 3,52.6,6.0,1131559.79,13.95,4,High Risk
VND00785,51,62.75,8.37,349087533.11,Vendor_0785,Textiles,Tier 3,42.7,5.0,2811562.5,9.8,4,High Risk
VND00284,48,62.5,7.46,286369506.75,Vendor_0284,Textiles,Tier 3,36.6,5.0,3821430.87,10.42,4,High Risk
VND00387,46,62.22,7.36,265331609.97,Vendor_0387,Textiles,Tier 3,49.7,7.0,4790309.76,15.22,4,High Risk
VND00903,41,62.16,9.46,224712693.15,Vendor_0903,Packaging,Tier 3,42.7,4.0,1682069.06,9.76,4,High Risk
VND00984,48,61.9,6.62,286817763.76,Vendor_0984,Raw Material,Tier 3,35.3,6.0,5443701.16,12.5,4,High Risk
VND00828,48,61.7,8.0,292860842.47,Vendor_0828,Textiles,Tier 3,54.3,6.0,4579460.26,12.5,4,High Risk
VND00156,55,61.54,7.25,342677950.04,Vendor_0156,Packaging,Tier 3,46.9,8.0,4424344.16,14.55,4,High Risk
VND00134,46,61.36,8.98,295211585.49,Vendor_0134,IT Services,Tier 3,53.6,5.0,4016220.99,10.87,4,High Risk
VND00762,46,60.98,6.61,266705166.22,Vendor_0762,Chemicals,Tier 3,51.8,6.0,5467172.7,13.04,4,High Risk
VND00361,52,60.78,7.02,348504824.37,Vendor_0361,IT Services,Tier 3,57.2,6.0,2071194.82,11.54,4,High Risk
VND00459,48,60.47,6.74,285357143.4,Vendor_0459,Textiles,Tier 3,33.9,8.0,3578672.39,16.67,4,High Risk
VND00493,47,60.47,7.49,359283092.04,Vendor_0493,IT Services,Tier 3,49.4,5.0,4902332.77,10.64,4,High Risk
VND00320,48,60.0,8.16,347254887.04,Vendor_0320,Textiles,Tier 3,47.5,6.0,2650351.0,12.5,4,High Risk
VND00355,37,60.0,8.03,208721620.39,Vendor_0355,Textiles,Tier 3,34.9,7.0,3564114.82,18.92,4,High Risk
VND00682,51,60.0,7.74,330516448.51,Vendor_0682,Textiles,Tier 3,48.1,7.0,1865765.24,13.73,4,High Risk
VND00810,55,59.62,7.04,315583864.72,Vendor_0810,Electronics,Tier 3,37.9,6.0,2322862.18,10.91,4,High Risk
VND00037,49,59.57,8.62,263838538.99,Vendor_0037,Electronics,Tier 3,51.3,8.0,5458832.86,16.33,4,High Risk
VND00111,49,59.57,6.98,300534788.31,Vendor_0111,Electronics,Tier 3,50.3,5.0,3008543.81,10.2,4,High Risk
VND00506,51,59.57,6.79,307248269.91,Vendor_0506,Electronics,Tier 3,41.4,5.0,4009133.46,9.8,4,High Risk
VND00834,48,59.57,8.17,374332791.92,Vendor_0834,Packaging,Tier 3,42.3,6.0,2643530.95,12.5,4,High Risk
VND00057,48,59.52,7.21,260717496.87,Vendor_0057,Electronics,Tier 3,36.2,8.0,4603350.83,16.67,4,High Risk
VND00586,41,59.46,8.68,301112762.44,Vendor_0586,Logistics,Tier 3,46.8,9.0,7863281.26,21.95,4,High Risk
VND00191,65,59.32,7.29,392031885.36,Vendor_0191,Raw Material,Tier 3,36.5,8.0,5240794.4,12.31,4,High Risk
VND00017,44,59.09,6.68,235315557.87,Vendor_0017,Packaging,Tier 3,51.3,8.0,6388918.25,18.18,4,High Risk
VND00953,42,58.97,7.64,320128383.82,Vendor_0953,Chemicals,Tier 3,42.3,5.0,4670257.96,11.9,4,High Risk
VND00318,51,58.82,8.45,330063993.04,Vendor_0318,Raw Material,Tier 3,42.1,5.0,2971521.61,9.8,4,High Risk
VND00896,41,58.54,7.44,269050066.02,Vendor_0896,Machinery,Tier 3,44.3,4.0,2427092.59,9.76,4,High Risk
VND00841,49,58.33,7.23,281708201.46,Vendor_0841,IT Services,Tier 3,30.9,8.0,5068990.61,16.33,4,High Risk
VND00058,63,57.89,7.93,308753598.39,Vendor_0058,Packaging,Tier 3,43.7,7.0,5381582.8,11.11,4,High Risk
VND00165,47,57.78,7.22,282829865.26,Vendor_0165,Electronics,Tier 3,36.3,7.0,4911632.97,14.89,4,High Risk
VND00827,47,57.78,6.6,379479919.6,Vendor_0827,Chemicals,Tier 3,54.2,6.0,4186917.86,12.77,4,High Risk
VND00050,57,57.69,7.21,337760752.23,Vendor_0050,Textiles,Tier 3,42.9,7.0,2716355.94,12.28,4,High Risk
VND00754,54,57.45,6.87,280345157.98,Vendor_0754,IT Services,Tier 3,53.4,6.0,3935995.98,11.11,4,High Risk
VND00874,44,57.14,6.62,244417899.85,Vendor_0874,Chemicals,Tier 3,58.6,6.0,7309777.61,13.64,4,High Risk
VND00418,45,56.82,7.95,324369913.35,Vendor_0418,Packaging,Tier 3,53.0,6.0,3457163.96,13.33,4,High Risk
VND00515,51,56.82,7.07,317115521.73,Vendor_0515,Electronics,Tier 3,33.2,5.0,3918499.23,9.8,4,High Risk
VND00045,40,56.76,8.14,267171408.4,Vendor_0045,Machinery,Tier 3,48.1,4.0,2682899.24,10.0,4,High Risk
VND00667,42,56.76,8.03,235545258.21,Vendor_0667,Electronics,Tier 3,47.2,5.0,3258605.05,11.9,4,High Risk
VND00989,39,56.76,6.84,208583279.73,Vendor_0989,Chemicals,Tier 3,47.2,9.0,6127134.31,23.08,4,High Risk
VND00335,55,56.6,6.94,269008103.69,Vendor_0335,Chemicals,Tier 3,33.2,6.0,6898176.86,10.91,4,High Risk
VND00161,49,56.52,6.67,230439200.03,Vendor_0161,IT Services,Tier 3,55.7,7.0,1980668.31,14.29,4,High Risk
VND00995,48,56.52,7.41,237630350.59,Vendor_0995,Textiles,Tier 3,55.3,7.0,6841931.47,14.58,4,High Risk
VND00343,42,56.41,7.03,223553712.78,Vendor_0343,Machinery,Tier 3,42.1,6.0,2365271.29,14.29,4,High Risk
VND00225,59,56.36,7.22,300180133.32,Vendor_0225,Chemicals,Tier 3,48.6,9.0,6087707.18,15.25,4,High Risk
VND00216,36,56.25,6.78,207508104.47,Vendor_0216,Chemicals,Tier 3,46.6,8.0,6809286.06,22.22,4,High Risk
VND00517,51,56.25,6.65,322330662.2,Vendor_0517,Raw Material,Tier 3,56.4,5.0,3016327.5,9.8,4,High Risk
VND00159,43,56.1,8.34,252018816.91,Vendor_0159,Logistics,Tier 3,46.6,5.0,3364551.13,11.63,4,High Risk
VND00996,46,56.1,8.63,328302351.86,Vendor_0996,Electronics,Tier 3,36.4,6.0,3890094.47,13.04,4,High Risk
VND00600,54,56.0,7.24,314772815.69,Vendor_0600,Raw Material,Tier 3,32.9,6.0,2786137.59,11.11,4,High Risk
VND00607,55,56.0,8.5,336589148.65,Vendor_0607,Machinery,Tier 3,44.4,6.0,5095809.68,10.91,4,High Risk
VND00300,44,76.19,9.86,348754795.24,Vendor_0300,Machinery,Tier 3,36.0,3.0,1661454.89,6.82,3,High Risk
VND00396,43,73.68,8.45,281293949.27,Vendor_0396,IT Services,Tier 1,95.2,5.0,3338475.31,11.63,3,High Risk
VND00478,44,72.22,9.39,252458018.34,Vendor_0478,Raw Material,Tier 2,68.8,7.0,2025509.56,15.91,3,High Risk
VND00867,39,71.79,10.82,269369287.53,Vendor_0867,Textiles,Tier 3,40.9,3.0,874057.32,7.69,3,High Risk
VND00975,52,70.59,7.47,384939870.92,Vendor_0975,Chemicals,Tier 3,32.2,5.0,4767488.46,9.62,3,High Risk
VND00518,46,70.45,8.14,241419106.98,Vendor_0518,Textiles,Tier 1,86.7,8.0,5289305.61,17.39,3,High Risk
VND00601,41,70.27,10.57,277419138.16,Vendor_0601,Raw Material,Tier 3,41.8,3.0,803699.6,7.32,3,High Risk
VND00085,52,70.21,6.62,309116274.81,Vendor_0085,Chemicals,Tier 3,51.8,3.0,2195591.22,5.77,3,High Risk
VND00020,53,70.0,6.98,361325775.81,Vendor_0020,Logistics,Tier 3,50.4,2.0,250344.4,3.77,3,High Risk
VND00781,55,69.81,6.74,312782583.4,Vendor_0781,Raw Material,Tier 2,78.6,8.0,4283714.67,14.55,3,High Risk
VND00716,46,69.77,9.53,273377152.89,Vendor_0716,Chemicals,Tier 1,95.1,7.0,3232215.88,15.22,3,High Risk
VND00985,48,69.77,8.86,289222548.05,Vendor_0985,Packaging,Tier 1,81.0,5.0,3812545.31,10.42,3,High Risk
VND00885,47,69.57,8.5,305103438.37,Vendor_0885,Packaging,Tier 1,86.0,5.0,1502908.28,10.64,3,High Risk
VND00664,48,68.89,7.56,311054785.57,Vendor_0664,Packaging,Tier 3,46.6,4.0,4141697.53,8.33,3,High Risk
VND00993,48,68.89,8.78,332178611.59,Vendor_0993,Raw Material,Tier 3,49.1,3.0,1849766.59,6.25,3,High Risk
VND00028,41,68.42,7.74,262038542.86,Vendor_0028,Machinery,Tier 2,66.0,4.0,2392465.22,9.76,3,High Risk
VND00760,45,68.29,8.93,356379504.34,Vendor_0760,Machinery,Unclassified,,5.0,3208721.49,11.11,3,High Risk
VND00211,44,68.18,8.34,322392058.34,Vendor_0211,Machinery,Tier 2,68.4,7.0,2869273.7,15.91,3,High Risk
VND00226,48,68.18,5.98,350565297.31,Vendor_0226,Electronics,Tier 3,47.1,8.0,5697090.56,16.67,3,High Risk
VND00276,46,68.18,8.45,376749451.2,Vendor_0276,Unknown,Tier 2,65.1,5.0,3024875.71,10.87,3,High Risk
VND00771,48,68.18,8.34,296784013.17,Vendor_0771,Chemicals,Tier 3,37.7,3.0,1200816.31,6.25,3,High Risk
VND00172,49,68.09,5.68,338953274.55,Vendor_0172,Textiles,Tier 3,31.2,9.0,6409909.22,18.37,3,High Risk
VND00726,52,68.0,10.26,333457434.84,Vendor_0726,IT Services,Tier 1,88.9,8.0,4458504.74,15.38,3,High Risk
VND00524,58,67.92,8.08,390194651.46,Vendor_0524,Packaging,Tier 1,88.9,7.0,3048536.18,12.07,3,High Risk
VND00956,64,67.8,8.53,373751708.45,Vendor_0956,Chemicals,Tier 3,56.8,6.0,2880273.1,9.38,3,High Risk
VND00799,38,67.57,7.95,259673747.3,Vendor_0799,Electronics,Tier 2,78.8,7.0,3929100.99,18.42,3,High Risk
VND00598,44,67.5,10.15,311072239.66,Vendor_0598,Packaging,Tier 3,42.1,3.0,1902978.81,6.82,3,High Risk
VND00035,50,66.67,7.09,307964301.95,Vendor_0035,Textiles,Tier 1,97.6,6.0,2005919.05,12.0,3,High Risk
VND00118,36,66.67,7.85,223114441.64,Vendor_0118,Logistics,Tier 3,43.1,3.0,1232128.36,8.33,3,High Risk
VND00205,46,66.67,7.4,236014194.19,Vendor_0205,Textiles,Tier 2,72.5,6.0,3997964.08,13.04,3,High Risk
VND00280,51,66.67,7.81,301843210.97,Vendor_0280,Packaging,Tier 1,85.7,5.0,2914692.34,9.8,3,High Risk
VND00298,47,66.67,8.23,311829578.65,Vendor_0298,IT Services,Tier 3,45.1,0.0,0.0,0.0,3,High Risk
VND00603,54,66.67,9.14,371769232.32,Vendor_0603,Packaging,Tier 3,42.4,2.0,733708.42,3.7,3,High Risk
VND00725,56,66.67,9.44,321797177.64,Vendor_0725,IT Services,Tier 2,70.2,6.0,4074400.1,10.71,3,High Risk
VND00123,60,66.1,8.44,448783507.07,Vendor_0123,Electronics,Tier 3,52.3,3.0,823242.86,5.0,3,High Risk
VND00238,56,66.04,7.3,361963543.13,Vendor_0238,Electronics,Tier 3,31.7,5.0,2970556.47,8.93,3,High Risk
VND00275,55,66.0,10.88,327908068.64,Vendor_0275,Logistics,Tier 2,65.8,8.0,3812417.09,14.55,3,High Risk
VND00872,60,66.0,7.82,396149890.52,Vendor_0872,Machinery,Tier 3,49.0,3.0,1815587.0,5.0,3,High Risk
VND00023,50,65.96,6.49,317326149.14,Vendor_0023,Packaging,Tier 3,50.5,7.0,2505057.97,14.0,3,High Risk
VND00113,46,65.91,8.7,329640444.04,Vendor_0113,Logistics,Tier 1,95.1,6.0,3111949.12,13.04,3,High Risk
VND00812,45,65.91,7.68,281896157.12,Vendor_0812,Machinery,Tier 1,88.7,5.0,1784349.31,11.11,3,High Risk
VND00734,45,65.85,7.46,269910929.28,Vendor_0734,Electronics,Tier 2,66.6,5.0,2371530.53,11.11,3,High Risk
VND00218,43,65.79,7.84,231289965.77,Vendor_0218,Raw Material,Tier 1,82.3,10.0,8791483.79,23.26,3,High Risk
VND00705,42,65.79,6.13,288374971.46,Vendor_0705,Packaging,Tier 3,34.4,8.0,4656469.88,19.05,3,High Risk
VND00957,41,65.79,11.24,223613232.85,Vendor_0957,Raw Material,Tier 2,66.3,6.0,1320749.6,14.63,3,High Risk
VND00128,35,65.71,8.0,251098786.33,Vendor_0128,Machinery,Tier 1,90.3,6.0,2736305.33,17.14,3,High Risk
VND00193,58,65.38,8.27,382239536.31,Vendor_0193,Unknown,Tier 1,93.0,6.0,3371287.29,10.34,3,High Risk
VND00912,52,65.31,7.63,376476722.09,Vendor_0912,IT Services,Tier 3,48.8,4.0,2517459.76,7.69,3,High Risk
VND00393,47,65.22,8.11,272550735.65,Vendor_0393,Electronics,Tier 3,56.0,4.0,1087209.59,8.51,3,High Risk
VND00627,46,65.12,10.49,297733823.76,Vendor_0627,Electronics,Tier 2,62.4,8.0,4585177.86,17.39,3,High Risk
VND00924,46,65.12,7.56,338430840.98,Vendor_0924,IT Services,Tier 1,86.0,8.0,8622096.86,17.39,3,High Risk
VND00709,65,65.08,8.24,387548378.1,Vendor_0709,Machinery,Tier 3,47.8,4.0,2472563.05,6.15,3,High Risk
VND00533,43,65.0,8.4,220323685.4,Vendor_0533,Logistics,Tier 1,99.8,5.0,3882470.97,11.63,3,High Risk
VND00575,39,64.71,8.0,291779540.41,Vendor_0575,IT Services,Tier 1,90.4,4.0,4245121.54,10.26,3,High Risk
VND00022,49,64.44,7.27,321652792.69,Vendor_0022,Electronics,Tier 3,39.8,3.0,4223217.19,6.12,3,High Risk
VND00075,46,64.44,7.42,249562842.04,Vendor_0075,Raw Material,Tier 2,79.5,6.0,1388868.45,13.04,3,High Risk
VND00321,47,64.44,9.16,318014154.99,Vendor_0321,Chemicals,Tier 2,68.4,5.0,2476378.37,10.64,3,High Risk
VND00322,47,64.44,8.49,264593837.07,Vendor_0322,Chemicals,Tier 1,80.0,5.0,5473300.38,10.64,3,High Risk
VND00083,56,64.15,7.13,378043817.82,Vendor_0083,Packaging,Tier 3,53.2,4.0,2460762.04,7.14,3,High Risk
VND00356,43,63.89,9.44,216347425.65,Vendor_0356,Chemicals,Tier 2,75.0,5.0,2911240.08,11.63,3,High Risk
VND00176,54,63.83,7.87,371426145.53,Vendor_0176,Raw Material,Tier 3,42.2,4.0,2105610.45,7.41,3,High Risk
VND00398,49,63.83,8.94,289779613.77,Vendor_0398,IT Services,Tier 2,60.0,5.0,1317916.37,10.2,3,High Risk
VND00803,53,63.83,8.11,291530696.09,Vendor_0803,Textiles,Tier 2,70.3,8.0,6699856.42,15.09,3,High Risk
VND00805,52,63.83,6.32,315550267.68,Vendor_0805,Chemicals,Tier 3,59.7,6.0,1803820.44,11.54,3,High Risk
VND00010,46,63.64,7.93,277170223.88,Vendor_0010,Electronics,Tier 2,79.6,5.0,3936364.27,10.87,3,High Risk
VND00399,45,63.64,8.43,298565275.01,Vendor_0399,Textiles,Tier 1,82.6,7.0,3949493.03,15.56,3,High Risk
VND00560,37,63.64,6.64,193693309.45,Vendor_0560,IT Services,Tier 2,73.4,5.0,2633162.25,13.51,3,High Risk
VND00830,45,63.64,8.91,278227647.76,Vendor_0830,Logistics,Tier 2,61.7,5.0,3807308.12,11.11,3,High Risk
VND00920,44,63.64,7.77,282678718.85,Vendor_0920,Raw Material,Tier 3,39.8,2.0,1773175.43,4.55,3,High Risk
VND00381,61,63.16,8.39,393558058.85,Vendor_0381,IT Services,Tier 3,38.3,4.0,1765723.16,6.56,3,High Risk
VND00501,44,63.16,7.11,316706789.69,Vendor_0501,Raw Material,Tier 2,78.9,11.0,5351278.56,25.0,3,High Risk
VND00775,59,63.16,7.07,397680972.42,Vendor_0775,Chemicals,Tier 1,85.8,7.0,6742964.01,11.86,3,High Risk
VND00096,48,63.04,6.76,218105641.04,Vendor_0096,IT Services,Unclassified,,6.0,1697722.8,12.5,3,High Risk
VND00376,53,63.04,6.91,325859830.59,Vendor_0376,Electronics,Tier 3,52.3,5.0,3681625.43,9.43,3,High Risk
VND00510,51,63.04,8.11,300786694.16,Vendor_0510,Electronics,Tier 1,80.8,7.0,4605361.98,13.73,3,High Risk
VND00530,55,62.96,8.2,346825712.58,Vendor_0530,Textiles,Tier 1,90.5,7.0,2275503.16,12.73,3,High Risk
VND00025,49,62.79,7.05,285679587.54,Vendor_0025,Packaging,Tier 2,61.9,9.0,5661399.14,18.37,3,High Risk
VND00307,45,62.79,7.91,322606104.62,Vendor_0307,Machinery,Tier 2,66.1,9.0,4104552.09,20.0,3,High Risk
VND00824,47,62.79,7.02,307942605.07,Vendor_0824,Raw Material,Tier 3,57.9,4.0,4665728.86,8.51,3,High Risk
VND00899,50,62.79,7.21,303904402.42,Vendor_0899,Chemicals,Tier 3,30.9,4.0,2060913.34,8.0,3,High Risk
VND00474,57,62.75,7.1,378765203.11,Vendor_0474,Machinery,Tier 1,92.4,9.0,4611343.78,15.79,3,High Risk
VND00791,54,62.75,7.75,361919698.41,Vendor_0791,Unknown,Tier 3,40.7,0.0,0.0,0.0,3,High Risk
VND00643,62,62.5,8.48,422535683.19,Vendor_0643,Logistics,Tier 3,44.8,5.0,835305.56,8.06,3,High Risk
VND00940,49,62.5,10.85,273816969.69,Vendor_0940,Textiles,Tier 2,70.4,5.0,2885584.34,10.2,3,High Risk
VND00244,58,62.26,8.64,409328834.17,Vendor_0244,Chemicals,Tier 3,55.9,2.0,822533.77,3.45,3,High Risk
VND00034,45,62.22,7.64,293474435.33,Vendor_0034,Chemicals,Tier 1,96.4,7.0,4489521.96,15.56,3,High Risk
VND00567,38,62.16,8.19,280787310.75,Vendor_0567,Logistics,Tier 3,57.5,3.0,1474272.25,7.89,3,High Risk
VND00815,41,62.16,8.81,253642267.44,Vendor_0815,Textiles,Tier 1,90.9,4.0,2458660.6,9.76,3,High Risk
VND00527,53,62.0,9.46,352733209.65,Vendor_0527,Machinery,Tier 3,59.0,2.0,443547.92,3.77,3,High Risk
VND00671,53,62.0,8.72,370723681.88,Vendor_0671,Machinery,Tier 3,42.1,4.0,2221525.02,7.55,3,High Risk
VND00441,45,61.9,6.81,274862308.8,Vendor_0441,Textiles,Tier 3,35.9,2.0,310339.85,4.44,3,High Risk
VND00882,43,61.9,8.07,249768865.71,Vendor_0882,IT Services,Tier 2,77.0,7.0,6775812.07,16.28,3,High Risk
VND00386,56,61.82,6.75,373735563.18,Vendor_0386,Electronics,Tier 1,86.2,7.0,2472119.71,12.5,3,High Risk
VND00001,49,61.7,8.49,301657666.88,Vendor_0001,Unknown,Tier 3,56.2,3.0,2238269.1,6.12,3,High Risk
VND00038,49,61.7,8.51,353462505.46,Vendor_0038,Logistics,Tier 3,36.8,2.0,458602.47,4.08,3,High Risk
VND00540,55,61.54,7.08,467093347.33,Vendor_0540,Chemicals,Tier 3,39.0,5.0,4476863.13,9.09,3,High Risk
VND00773,55,61.54,8.02,281095892.01,Vendor_0773,Textiles,Tier 3,38.9,4.0,1529993.83,7.27,3,High Risk
VND00814,40,61.54,9.26,222251430.64,Vendor_0814,Electronics,Tier 1,94.5,7.0,1861387.71,17.5,3,High Risk
VND00855,57,61.54,8.21,390960678.95,Vendor_0855,IT Services,Tier 3,44.4,5.0,4585709.04,8.77,3,High Risk
VND00917,54,61.54,6.56,284831786.17,Vendor_0917,Electronics,Tier 3,50.6,6.0,6037415.73,11.11,3,High Risk
VND00346,61,61.4,7.93,410611491.06,Vendor_0346,Textiles,Tier 2,73.1,6.0,5027428.02,9.84,3,High Risk
VND00587,61,61.4,8.3,412047956.11,Vendor_0587,IT Services,Tier 3,35.3,1.0,2114390.16,1.64,3,High Risk
VND00625,61,61.4,8.28,393201223.36,Vendor_0625,Electronics,Tier 2,73.3,9.0,8814161.84,14.75,3,High Risk
VND00909,63,61.29,9.11,367387302.51,Vendor_0909,Raw Material,Tier 3,48.2,5.0,1806036.18,7.94,3,High Risk
VND00104,51,61.22,7.78,268507406.13,Vendor_0104,Logistics,Tier 2,65.6,5.0,4159699.56,9.8,3,High Risk
VND00486,51,61.22,7.76,323555261.04,Vendor_0486,Raw Material,Tier 1,93.1,6.0,1542799.99,11.76,3,High Risk
VND00314,60,61.11,6.7,310515096.35,Vendor_0314,Electronics,Tier 1,97.4,6.0,2228646.88,10.0,3,High Risk
VND00817,57,61.11,7.43,339465537.58,Vendor_0817,Electronics,Tier 2,71.4,7.0,4865238.98,12.28,3,High Risk
VND00162,42,60.98,7.07,250496238.55,Vendor_0162,Unknown,Tier 2,74.3,7.0,4336223.63,16.67,3,High Risk
VND00521,46,60.98,6.85,328033656.5,Vendor_0521,Textiles,Tier 2,71.6,7.0,5531103.03,15.22,3,High Risk
VND00849,42,60.98,7.49,318111183.36,Vendor_0849,Electronics,Tier 2,65.2,5.0,5854617.69,11.9,3,High Risk
VND00888,45,60.98,7.95,279502155.54,Vendor_0888,Chemicals,Tier 3,46.7,3.0,3109855.39,6.67,3,High Risk
VND00078,50,60.87,7.72,298059257.44,Vendor_0078,Electronics,Tier 3,35.2,3.0,3300620.47,6.0,3,High Risk
VND00179,50,60.87,8.74,303620436.53,Vendor_0179,IT Services,Tier 1,95.6,7.0,5105278.87,14.0,3,High Risk
VND00642,50,60.87,6.46,373332157.45,Vendor_0642,Packaging,Tier 3,52.5,5.0,3775884.39,10.0,3,High Risk
VND00002,53,60.78,7.98,353010678.76,Vendor_0002,Electronics,Tier 1,96.6,8.0,7489975.55,15.09,3,High Risk
VND00927,43,60.53,9.32,314955288.64,Vendor_0927,Electronics,Tier 3,48.8,3.0,2063518.01,6.98,3,High Risk
VND00683,45,60.47,5.07,343938717.15,Vendor_0683,Chemicals,Tier 3,42.0,8.0,4407567.25,17.78,3,High Risk
VND00719,54,60.42,8.12,370992362.18,Vendor_0719,Raw Material,Tier 3,38.7,5.0,2242721.66,9.26,3,High Risk
VND00014,58,60.38,7.79,316280369.19,Vendor_0014,Machinery,Tier 3,44.9,3.0,220811.38,5.17,3,High Risk
VND00341,60,60.38,7.68,425280114.92,Vendor_0341,Chemicals,Tier 2,64.4,7.0,5575831.59,11.67,3,High Risk
VND00015,46,60.0,8.09,284589639.74,Vendor_0015,IT Services,Tier 3,42.7,4.0,913830.67,8.7,3,High Risk
VND00288,43,60.0,7.4,276829688.7,Vendor_0288,Textiles,Tier 2,68.0,6.0,1540811.66,13.95,3,High Risk
VND00326,54,60.0,7.34,373674457.15,Vendor_0326,Logistics,Tier 1,81.7,7.0,3914740.0,12.96,3,High Risk
VND00327,46,60.0,7.04,307393434.57,Vendor_0327,Machinery,Tier 2,68.8,9.0,5689164.23,19.57,3,High Risk
VND00405,54,60.0,6.98,357414032.94,Vendor_0405,Logistics,Tier 3,52.4,5.0,6150199.45,9.26,3,High Risk
VND00538,45,60.0,7.82,278993315.72,Vendor_0538,IT Services,Tier 3,47.3,3.0,2423191.65,6.67,3,High Risk
VND00722,31,60.0,6.33,193330332.13,Vendor_0722,Raw Material,Tier 3,42.7,8.0,3540612.53,25.81,3,High Risk
VND00738,45,60.0,6.6,223290729.27,Vendor_0738,Machinery,Tier 1,87.2,6.0,3680487.89,13.33,3,High Risk
VND00852,45,60.0,8.25,279281453.98,Vendor_0852,Machinery,Tier 1,82.5,6.0,4581268.43,13.33,3,High Risk
VND00961,52,60.0,8.44,354069786.81,Vendor_0961,Electronics,Tier 3,35.8,3.0,592084.44,5.77,3,High Risk
VND00329,55,59.62,7.19,330584020.95,Vendor_0329,Unknown,Tier 3,59.4,5.0,4772994.91,9.09,3,High Risk
VND00529,52,59.57,6.4,331506519.27,Vendor_0529,IT Services,Tier 3,33.9,8.0,8886095.11,15.38,3,High Risk
VND00813,55,59.57,7.72,406482755.15,Vendor_0813,Logistics,Tier 3,38.7,4.0,2771599.41,7.27,3,High Risk
VND00620,44,59.52,8.31,265012374.88,Vendor_0620,Electronics,Tier 1,82.4,6.0,4319757.79,13.64,3,High Risk
VND00776,36,59.38,5.31,211147654.2,Vendor_0776,Logistics,Tier 3,40.5,4.0,3125327.92,11.11,3,High Risk
VND00150,54,59.26,6.87,379364170.62,Vendor_0150,Logistics,Tier 3,49.5,3.0,2186928.2,5.56,3,High Risk
VND00196,62,59.26,9.11,368362695.88,Vendor_0196,Packaging,Tier 3,54.4,2.0,2805597.84,3.23,3,High Risk
VND00098,53,59.18,9.94,373724722.74,Vendor_0098,Packaging,Tier 3,59.9,4.0,1610761.9,7.55,3,High Risk
VND00268,51,59.18,8.35,295752523.5,Vendor_0268,Textiles,Tier 2,79.2,8.0,4931366.33,15.69,3,High Risk
VND00378,48,59.09,7.05,308587655.84,Vendor_0378,Textiles,Tier 3,31.6,3.0,1614175.88,6.25,3,High Risk
VND00447,48,59.09,6.77,360991127.61,Vendor_0447,IT Services,Tier 1,99.0,5.0,2957651.25,10.42,3,High Risk
VND00495,49,59.09,9.45,346180654.0,Vendor_0495,Chemicals,Tier 2,62.5,7.0,4382098.48,14.29,3,High Risk
VND00556,43,58.97,5.87,245758757.1,Vendor_0556,Textiles,Tier 3,58.2,5.0,1983141.88,11.63,3,High Risk
VND00751,44,58.97,8.18,314546798.21,Vendor_0751,IT Services,Tier 3,38.2,3.0,1453820.68,6.82,3,High Risk
VND00154,37,58.82,7.35,250063479.42,Vendor_0154,Packaging,Tier 2,64.3,6.0,5410924.61,16.22,3,High Risk
VND00416,52,58.82,7.27,337093321.55,Vendor_0416,Chemicals,Tier 2,61.4,6.0,3543094.8,11.54,3,High Risk
VND00737,52,58.82,7.53,325552774.5,Vendor_0737,Packaging,Tier 3,57.5,3.0,1477734.35,5.77,3,High Risk
VND00857,51,58.82,6.88,285105920.11,Vendor_0857,Logistics,Tier 3,32.6,2.0,1781388.26,3.92,3,High Risk
VND00861,52,58.82,6.73,253709591.58,Vendor_0861,Logistics,Tier 1,84.3,8.0,6657259.59,15.38,3,High Risk
VND00263,48,58.7,6.91,318549606.22,Vendor_0263,Electronics,Tier 3,39.8,4.0,2218894.08,8.33,3,High Risk
VND00407,49,58.7,6.43,301840606.28,Vendor_0407,IT Services,Tier 3,57.2,8.0,6041765.49,16.33,3,High Risk
VND00860,49,58.7,5.78,264966632.43,Vendor_0860,Electronics,Tier 3,34.6,5.0,2338102.85,10.2,3,High Risk
VND00185,55,58.49,6.81,407558961.85,Vendor_0185,Machinery,Tier 3,48.1,4.0,1332084.66,7.27,3,High Risk
VND00470,56,58.49,7.09,379622805.01,Vendor_0470,Chemicals,Tier 1,97.4,8.0,4911510.15,14.29,3,High Risk
VND00069,51,58.33,6.5,368733441.65,Vendor_0069,Chemicals,Tier 3,35.2,5.0,2569941.52,9.8,3,High Risk
VND00404,50,58.33,7.12,303921693.94,Vendor_0404,Machinery,Tier 1,87.9,8.0,2253462.82,16.0,3,High Risk
VND00659,49,58.33,7.06,322623095.98,Vendor_0659,Machinery,Tier 2,75.2,5.0,2606482.4,10.2,3,High Risk
VND00389,58,58.18,7.05,431390029.4,Vendor_0389,Packaging,Tier 1,82.5,6.0,1542409.19,10.34,3,High Risk
VND00435,60,58.18,6.56,404283358.11,Vendor_0435,Textiles,Tier 3,35.9,5.0,2481396.04,8.33,3,High Risk
VND00577,57,58.18,7.62,260470270.35,Vendor_0577,Machinery,Tier 3,40.3,4.0,2278016.6,7.02,3,High Risk
VND00945,57,58.18,6.89,373739066.48,Vendor_0945,Textiles,Tier 3,44.4,2.0,1280831.68,3.51,3,High Risk
VND00041,45,58.14,6.44,225982140.4,Vendor_0041,IT Services,Tier 3,38.5,7.0,3285552.96,15.56,3,High Risk
VND00207,47,58.14,7.12,343328195.65,Vendor_0207,Machinery,Tier 3,37.1,4.0,3280826.38,8.51,3,High Risk
VND00181,55,58.0,5.44,391680770.46,Vendor_0181,Textiles,Tier 3,53.9,9.0,5358090.43,16.36,3,High Risk
VND00304,55,58.0,8.5,422115537.49,Vendor_0304,Logistics,Tier 2,74.6,7.0,3217232.9,12.73,3,High Risk
VND00383,52,58.0,6.66,318534513.02,Vendor_0383,Logistics,Tier 2,74.0,6.0,2136235.52,11.54,3,High Risk
VND00362,40,57.89,7.79,249116397.18,Vendor_0362,Packaging,Tier 2,75.0,4.0,1467186.3,10.0,3,High Risk
VND00835,58,57.89,6.74,431882819.47,Vendor_0835,Electronics,Tier 2,64.9,6.0,3326699.78,10.34,3,High Risk
VND00467,46,57.78,6.2,267988638.29,Vendor_0467,Logistics,Tier 3,50.0,7.0,4886453.85,15.22,3,High Risk
VND00900,52,57.69,5.65,330084873.85,Vendor_0900,Electronics,Tier 3,36.0,6.0,2892102.78,11.54,3,High Risk
VND00897,36,57.58,6.42,183279857.52,Vendor_0897,IT Services,Tier 3,50.5,4.0,1374152.09,11.11,3,High Risk
VND00422,43,57.5,9.22,216553214.34,Vendor_0422,Packaging,Tier 1,85.3,7.0,5823417.86,16.28,3,High Risk
VND00331,50,57.45,9.17,364434366.72,Vendor_0331,Logistics,Tier 3,54.9,3.0,1549872.5,6.0,3,High Risk
VND00763,50,57.45,5.64,343912626.93,Vendor_0763,Machinery,Tier 3,47.4,8.0,4954357.03,16.0,3,High Risk
VND00806,50,57.45,8.11,347153111.41,Vendor_0806,Textiles,Tier 1,81.6,5.0,4559260.82,10.0,3,High Risk
VND00879,57,57.41,8.85,346840800.91,Vendor_0879,Electronics,Tier 3,31.9,4.0,4407562.82,7.02,3,High Risk
VND00005,61,57.14,6.34,374425191.36,Vendor_0005,Logistics,Tier 3,40.9,8.0,7342419.73,13.11,3,High Risk
VND00030,44,57.14,8.31,274905131.83,Vendor_0030,Chemicals,Tier 3,33.3,4.0,2439057.44,9.09,3,High Risk
VND00630,53,57.14,7.51,325542921.65,Vendor_0630,Textiles,Tier 3,47.7,1.0,465491.88,1.89,3,High Risk
VND00668,53,57.14,5.59,283624910.42,Vendor_0668,Raw Material,Tier 3,41.2,11.0,7009797.21,20.75,3,High Risk
VND00761,46,57.14,7.14,272354241.7,Vendor_0761,Textiles,Tier 3,40.6,2.0,371630.71,4.35,3,High Risk
VND00613,62,56.9,8.26,362234718.69,Vendor_0613,Raw Material,Tier 2,74.0,8.0,3261112.9,12.9,3,High Risk
VND00027,53,56.86,8.78,368033779.86,Vendor_0027,Textiles,Tier 3,44.0,4.0,1650400.25,7.55,3,High Risk
VND00432,54,56.86,6.65,380320996.86,Vendor_0432,Textiles,Tier 1,83.3,10.0,2669931.9,18.52,3,High Risk
VND00619,53,56.86,6.9,394293054.18,Vendor_0619,IT Services,Tier 1,86.4,12.0,6218872.98,22.64,3,High Risk
VND00686,51,56.86,7.1,294751008.12,Vendor_0686,Unknown,Tier 2,69.0,9.0,4598815.72,17.65,3,High Risk
VND00731,53,56.86,7.53,366304128.28,Vendor_0731,Machinery,Tier 3,41.5,5.0,2200075.3,9.43,3,High Risk
VND00116,46,56.82,8.0,316200240.69,Vendor_0116,Raw Material,Tier 1,91.0,8.0,4816648.52,17.39,3,High Risk
VND00344,48,56.82,6.95,363369788.38,Vendor_0344,Packaging,Tier 2,60.4,5.0,2201051.32,10.42,3,High Risk
VND00487,44,56.82,6.36,251840799.99,Vendor_0487,Packaging,Tier 3,33.2,5.0,2741794.19,11.36,3,High Risk
VND00911,47,56.82,7.84,295512426.53,Vendor_0911,Electronics,Tier 2,71.3,7.0,4138485.76,14.89,3,High Risk
VND00254,55,56.6,7.87,350866493.87,Vendor_0254,Raw Material,Tier 3,52.2,2.0,442569.13,3.64,3,High Risk
VND00908,57,56.6,5.96,295304312.24,Vendor_0908,Textiles,Tier 3,53.9,7.0,4461436.08,12.28,3,High Risk
VND00255,47,56.52,5.28,369879673.07,Vendor_0255,Chemicals,Tier 3,41.9,8.0,5588813.48,17.02,3,High Risk
VND00257,50,56.52,7.09,300939586.77,Vendor_0257,Machinery,Tier 1,95.5,7.0,6155658.93,14.0,3,High Risk
VND00783,52,56.52,8.26,342384742.83,Vendor_0783,IT Services,Tier 3,47.6,5.0,2952373.95,9.62,3,High Risk
VND00875,48,56.52,7.17,315152729.16,Vendor_0875,Logistics,Tier 3,31.8,3.0,744031.84,6.25,3,High Risk
VND00981,48,56.52,8.15,292324982.34,Vendor_0981,Machinery,Tier 3,53.4,3.0,1276340.33,6.25,3,High Risk
VND00319,58,56.36,5.65,362984046.1,Vendor_0319,Electronics,Tier 3,41.0,10.0,6991647.62,17.24,3,High Risk
VND00079,52,56.25,7.92,356691688.79,Vendor_0079,Machinery,Tier 3,55.1,4.0,2491186.64,7.69,3,High Risk
VND00727,47,56.1,5.76,354164725.35,Vendor_0727,Raw Material,Tier 3,39.8,8.0,5138499.89,17.02,3,High Risk
VND00270,56,56.0,6.98,389090205.07,Vendor_0270,Raw Material,Tier 3,50.6,2.0,782873.72,3.57,3,High Risk
VND00621,52,56.0,6.76,253541428.03,Vendor_0621,Unknown,Tier 3,42.9,5.0,2109132.8,9.62,3,High Risk
VND00557,46,55.81,7.53,297282283.17,Vendor_0557,IT Services,Tier 3,39.4,5.0,3903358.56,10.87,3,High Risk
VND00730,47,55.81,6.67,265625348.61,Vendor_0730,Packaging,Tier 3,41.5,7.0,4959812.87,14.89,3,High Risk
VND00099,51,55.56,7.29,310713844.34,Vendor_0099,Unknown,Tier 3,31.8,7.0,6374571.76,13.73,3,High Risk
VND00373,46,55.56,7.56,304689909.99,Vendor_0373,Raw Material,Tier 3,36.6,7.0,4596625.67,15.22,3,High Risk
VND00853,59,55.36,6.98,410061219.82,Vendor_0853,Textiles,Tier 3,44.7,7.0,2117141.48,11.86,3,High Risk
VND00349,49,55.32,8.19,319226593.68,Vendor_0349,Machinery,Tier 3,56.2,6.0,2370240.67,12.24,3,High Risk
VND00622,50,55.32,7.47,338736335.98,Vendor_0622,Unknown,Tier 3,44.7,7.0,7273332.14,14.0,3,High Risk
VND00889,52,55.1,7.1,373160983.63,Vendor_0889,Textiles,Tier 3,37.0,6.0,3618912.66,11.54,3,High Risk
VND00884,45,54.76,7.93,317374834.0,Vendor_0884,Chemicals,Tier 3,37.3,5.0,4749774.48,11.11,3,High Risk
VND00313,40,54.29,9.23,305080418.13,Vendor_0313,Raw Material,Tier 3,31.8,8.0,4493518.67,20.0,3,High Risk
VND00618,55,53.85,6.9,400675706.17,Vendor_0618,Textiles,Tier 3,49.4,6.0,2254601.34,10.91,3,High Risk
VND00203,47,53.19,6.6,302647318.24,Vendor_0203,Raw Material,Tier 3,41.3,5.0,2886487.39,10.64,3,High Risk
VND00964,48,53.19,6.89,271989684.84,Vendor_0964,Logistics,Tier 3,57.3,6.0,3120643.11,12.5,3,High Risk
VND00558,36,53.12,8.0,247998600.66,Vendor_0558,Logistics,Tier 3,32.0,4.0,2587065.4,11.11,3,High Risk
VND00935,40,52.78,7.28,197594245.57,Vendor_0935,Logistics,Tier 3,42.0,6.0,5046473.62,15.0,3,High Risk
VND00228,40,52.63,8.34,181008744.01,Vendor_0228,Chemicals,Tier 3,57.5,4.0,1924312.35,10.0,3,High Risk
VND00871,60,52.63,7.53,345905475.94,Vendor_0871,IT Services,Tier 3,56.1,6.0,5100316.51,10.0,3,High Risk
VND00604,44,52.5,7.88,309895011.41,Vendor_0604,IT Services,Tier 3,36.2,7.0,8020733.34,15.91,3,High Risk
VND00011,45,52.38,6.69,294435913.38,Vendor_0011,Logistics,Tier 3,31.4,10.0,8250575.58,22.22,3,High Risk
VND00109,44,52.38,7.45,251699075.78,Vendor_0109,IT Services,Tier 3,46.0,7.0,5142514.79,15.91,3,High Risk
VND00317,49,52.17,7.09,275934360.14,Vendor_0317,Machinery,Tier 3,58.6,8.0,7741856.78,16.33,3,High Risk
VND00963,51,52.17,7.26,305513785.87,Vendor_0963,Electronics,Tier 3,47.2,5.0,2768330.88,9.8,3,High Risk
VND00788,52,52.0,6.68,365278616.04,Vendor_0788,Raw Material,Tier 3,58.1,6.0,3719125.59,11.54,3,High Risk
VND00129,43,51.22,8.2,274542013.95,Vendor_0129,IT Services,Tier 3,30.5,6.0,1403383.25,13.95,3,High Risk
VND00656,44,51.22,7.76,341312814.4,Vendor_0656,IT Services,Tier 3,38.9,8.0,3989567.55,18.18,3,High Risk
VND00865,45,51.16,6.65,286620821.16,Vendor_0865,Machinery,Tier 3,58.1,6.0,3918512.41,13.33,3,High Risk
VND00286,47,51.11,6.76,352332948.63,Vendor_0286,Packaging,Tier 3,32.5,11.0,7353525.45,23.4,3,High Risk
VND00818,55,50.94,7.91,323196301.75,Vendor_0818,IT Services,Tier 3,57.9,12.0,9222461.51,21.82,3,High Risk
VND00060,59,50.0,7.09,348745286.77,Vendor_0060,Textiles,Tier 3,52.8,6.0,2924687.33,10.17,3,High Risk
VND00086,46,50.0,8.8,243852569.45,Vendor_0086,IT Services,Tier 3,52.8,5.0,3319691.81,10.87,3,High Risk
VND00494,54,50.0,7.33,400432297.26,Vendor_0494,Machinery,Tier 3,43.2,6.0,4270078.02,11.11,3,High Risk
VND00657,54,50.0,7.1,343953282.92,Vendor_0657,Electronics,Tier 3,49.9,7.0,3235611.22,12.96,3,High Risk
VND00073,46,48.84,7.12,277200065.08,Vendor_0073,Packaging,Tier 3,30.4,6.0,2992779.27,13.04,3,High Risk
VND00714,52,48.0,7.14,311420640.9,Vendor_0714,Chemicals,Tier 3,58.8,8.0,5859045.82,15.38,3,High Risk
VND00715,47,47.73,6.77,286727387.88,Vendor_0715,Machinery,Tier 3,54.4,6.0,1350935.42,12.77,3,High Risk
VND00369,43,43.9,6.71,247387098.29,Vendor_0369,Logistics,Tier 3,43.7,6.0,3220728.28,13.95,3,High Risk
VND00661,48,41.86,7.02,314455183.6,Vendor_0661,Textiles,Tier 3,54.9,6.0,3326267.53,12.5,3,High Risk
VND00234,53,75.0,9.92,326005442.82,Vendor_0234,Machinery,Tier 2,64.5,4.0,3045570.08,7.55,2,Medium Risk
VND00382,43,73.17,11.59,244100315.1,Vendor_0382,Textiles,Tier 2,78.8,3.0,3493234.32,6.98,2,Medium Risk
VND00825,44,71.43,8.14,305217684.41,Vendor_0825,Machinery,Tier 2,67.6,2.0,2764031.07,4.55,2,Medium Risk
VND00439,55,71.15,9.04,331172843.39,Vendor_0439,Machinery,Tier 2,79.4,3.0,821245.64,5.45,2,Medium Risk
VND00701,52,70.59,9.76,311034622.25,Vendor_0701,Textiles,Tier 2,67.3,4.0,3856894.26,7.69,2,Medium Risk
VND00687,52,69.39,8.63,231976562.74,Vendor_0687,Logistics,Tier 2,70.0,3.0,1860202.76,5.77,2,Medium Risk
VND00934,46,69.05,9.64,248440523.49,Vendor_0934,Electronics,Tier 2,66.8,3.0,2100404.6,6.52,2,Medium Risk
VND00582,49,68.89,9.09,334957894.43,Vendor_0582,Chemicals,Tier 1,98.6,4.0,1014969.87,8.16,2,Medium Risk
VND00848,64,68.85,8.8,390719567.03,Vendor_0848,Packaging,Tier 1,99.8,5.0,1121103.54,7.81,2,Medium Risk
VND00163,52,68.75,8.98,337744085.02,Vendor_0163,Raw Material,Tier 2,74.3,3.0,2063284.22,5.77,2,Medium Risk
VND00519,53,68.75,7.06,347069247.63,Vendor_0519,IT Services,Tier 1,99.1,3.0,1481385.44,5.66,2,Medium Risk
VND00489,40,68.42,8.29,273572235.16,Vendor_0489,Packaging,Tier 1,96.5,2.0,592212.69,5.0,2,Medium Risk
VND00753,51,68.09,8.68,327216152.55,Vendor_0753,Logistics,Tier 2,73.9,2.0,679933.98,3.92,2,Medium Risk
VND00541,52,67.39,6.98,246392277.05,Vendor_0541,Raw Material,Tier 1,96.8,5.0,4429990.71,9.62,2,Medium Risk
VND00648,50,67.39,5.89,381056401.88,Vendor_0648,Textiles,Tier 2,77.5,6.0,3373243.96,12.0,2,Medium Risk
VND00337,53,67.31,8.69,331316354.39,Vendor_0337,Electronics,Tier 1,89.9,2.0,2513304.38,3.77,2,Medium Risk
VND00201,61,67.21,6.92,407925861.38,Vendor_0201,Electronics,Tier 2,74.9,2.0,1932241.49,3.28,2,Medium Risk
VND00339,57,66.67,8.43,401633583.31,Vendor_0339,Machinery,Tier 2,63.2,4.0,3037750.2,7.02,2,Medium Risk
VND00445,60,66.67,8.0,397491349.27,Vendor_0445,Machinery,Tier 1,86.9,4.0,2831596.74,6.67,2,Medium Risk
VND00653,67,66.67,7.79,403330211.75,Vendor_0653,Logistics,Tier 2,71.1,6.0,5020619.32,8.96,2,Medium Risk
VND00684,46,66.67,7.88,367584276.86,Vendor_0684,Machinery,Tier 2,76.8,2.0,1486840.23,4.35,2,Medium Risk
VND00693,43,66.67,8.92,260548359.65,Vendor_0693,IT Services,Unclassified,,3.0,1472755.82,6.98,2,Medium Risk
VND00748,47,66.67,6.62,291039272.28,Vendor_0748,Machinery,Tier 2,68.0,2.0,919884.61,4.26,2,Medium Risk
VND00066,55,66.04,7.53,304993321.03,Vendor_0066,Raw Material,Tier 2,68.0,2.0,2347829.53,3.64,2,Medium Risk
VND00138,47,65.91,7.57,289110111.55,Vendor_0138,Electronics,Tier 2,79.2,4.0,788472.83,8.51,2,Medium Risk
VND00960,46,65.91,7.66,247623011.4,Vendor_0960,Logistics,Tier 1,81.7,4.0,2079528.89,8.7,2,Medium Risk
VND00472,44,65.0,10.02,327299418.54,Vendor_0472,Machinery,Tier 1,97.9,2.0,2937716.37,4.55,2,Medium Risk
VND00391,54,64.71,7.25,295995639.05,Vendor_0391,Raw Material,Tier 1,99.3,3.0,2327745.56,5.56,2,Medium Risk
VND00631,36,64.71,6.24,238899270.34,Vendor_0631,IT Services,Tier 2,79.9,4.0,825855.65,11.11,2,Medium Risk
VND00253,52,64.58,7.98,411441344.58,Vendor_0253,Raw Material,Tier 1,89.6,4.0,1811237.9,7.69,2,Medium Risk
VND00629,51,64.58,6.0,377587753.94,Vendor_0629,Logistics,Tier 3,32.6,2.0,2127937.46,3.92,2,Medium Risk
VND00451,47,64.44,8.13,311352833.67,Vendor_0451,Unknown,Tier 1,84.4,2.0,1516754.92,4.26,2,Medium Risk
VND00374,63,64.29,7.3,402466597.17,Vendor_0374,Logistics,Tier 2,77.8,5.0,3745602.76,7.94,2,Medium Risk
VND00873,44,64.29,7.69,269062348.75,Vendor_0873,Logistics,Tier 2,75.1,4.0,2280902.42,9.09,2,Medium Risk
VND00755,52,63.83,8.13,370784115.5,Vendor_0755,Packaging,Unclassified,,5.0,4184081.08,9.62,2,Medium Risk
VND00241,44,63.64,5.57,309107354.06,Vendor_0241,Machinery,Tier 1,95.8,5.0,2871828.2,11.36,2,Medium Risk
VND00548,46,63.64,7.27,222878606.01,Vendor_0548,Machinery,Tier 2,77.0,4.0,2338726.37,8.7,2,Medium Risk
VND00550,46,63.64,6.86,282129244.06,Vendor_0550,Machinery,Tier 1,84.1,3.0,733772.18,6.52,2,Medium Risk
VND00508,56,63.46,9.33,434069985.65,Vendor_0508,Electronics,Tier 1,87.6,2.0,1007243.77,3.57,2,Medium Risk
VND00988,41,63.41,6.93,273842236.81,Vendor_0988,Logistics,Tier 2,60.4,3.0,1940827.92,7.32,2,Medium Risk
VND00808,47,63.04,7.91,299428901.39,Vendor_0808,IT Services,Tier 1,94.8,2.0,2078571.55,4.26,2,Medium Risk
VND00944,65,62.9,7.18,378998000.07,Vendor_0944,IT Services,Tier 1,88.1,5.0,3758689.98,7.69,2,Medium Risk
VND00281,39,62.86,7.46,186795560.97,Vendor_0281,Unknown,Tier 1,92.3,3.0,2800608.24,7.69,2,Medium Risk
VND00323,47,62.79,8.23,313362609.76,Vendor_0323,Textiles,Tier 2,76.2,4.0,1093566.04,8.51,2,Medium Risk
VND00514,53,62.75,8.39,396607868.38,Vendor_0514,Chemicals,Tier 1,90.6,2.0,362555.8,3.77,2,Medium Risk
VND00143,54,62.5,7.96,322662878.65,Vendor_0143,IT Services,Unclassified,,5.0,536670.46,9.26,2,Medium Risk
VND00199,59,62.5,6.32,361365628.91,Vendor_0199,Logistics,Tier 1,92.1,7.0,2017001.01,11.86,2,Medium Risk
VND00500,62,62.5,8.34,443087103.38,Vendor_0500,Electronics,Tier 1,99.0,5.0,2111805.66,8.06,2,Medium Risk
VND00610,52,62.5,5.79,298474936.18,Vendor_0610,IT Services,Tier 2,78.3,6.0,4334496.81,11.54,2,Medium Risk
VND00929,68,62.5,7.88,353613015.41,Vendor_0929,Raw Material,Tier 2,74.3,2.0,1966280.17,2.94,2,Medium Risk
VND00655,64,62.3,6.62,331053019.58,Vendor_0655,Machinery,Unclassified,,5.0,3838405.13,7.81,2,Medium Risk
VND00130,57,62.26,7.25,402286897.67,Vendor_0130,Logistics,Tier 2,65.8,5.0,2687608.5,8.77,2,Medium Risk
VND00088,48,62.22,5.36,310676069.55,Vendor_0088,Electronics,Tier 2,74.6,6.0,3027554.09,12.5,2,Medium Risk
VND00090,47,62.22,9.09,360766754.27,Vendor_0090,Machinery,Unclassified,,3.0,250424.43,6.38,2,Medium Risk
VND00511,53,62.0,6.84,351250853.45,Vendor_0511,Raw Material,Tier 2,72.9,5.0,1007519.0,9.43,2,Medium Risk
VND00809,50,62.0,5.8,330583148.98,Vendor_0809,Raw Material,Tier 2,61.6,7.0,2760693.92,14.0,2,Medium Risk
VND00248,59,61.82,6.56,391900432.27,Vendor_0248,Machinery,Tier 1,97.7,3.0,2511431.92,5.08,2,Medium Risk
VND00120,49,61.7,8.34,248242325.52,Vendor_0120,Electronics,Tier 2,67.8,4.0,2235175.17,8.16,2,Medium Risk
VND00262,51,61.7,6.38,328356998.02,Vendor_0262,Electronics,Tier 1,99.3,6.0,4335424.8,11.76,2,Medium Risk
VND00278,49,61.7,6.4,293803439.1,Vendor_0278,Chemicals,Tier 2,75.5,6.0,4086678.38,12.24,2,Medium Risk
VND00893,49,61.7,6.68,275444873.66,Vendor_0893,Chemicals,Tier 1,88.1,4.0,1324589.8,8.16,2,Medium Risk
VND00364,53,61.54,6.75,360599418.19,Vendor_0364,Machinery,Tier 2,68.2,2.0,2493889.94,3.77,2,Medium Risk
VND00654,40,61.54,6.36,167192544.36,Vendor_0654,Machinery,Tier 1,82.2,6.0,1210136.52,15.0,2,Medium Risk
VND00293,45,61.36,6.82,267046070.37,Vendor_0293,Textiles,Tier 1,87.6,4.0,2622047.11,8.89,2,Medium Risk
VND00837,49,61.36,5.95,277952748.33,Vendor_0837,Logistics,Tier 1,94.0,7.0,2575036.02,14.29,2,Medium Risk
VND00013,52,61.22,7.43,324208641.32,Vendor_0013,Textiles,Tier 1,88.3,5.0,4598683.57,9.62,2,Medium Risk
VND00250,55,61.22,7.04,277102361.95,Vendor_0250,Electronics,Tier 1,89.7,5.0,4423800.45,9.09,2,Medium Risk
VND00822,52,61.22,5.76,218222031.53,Vendor_0822,Raw Material,Tier 3,30.3,5.0,4136878.01,9.62,2,Medium Risk
VND00363,65,61.02,8.47,416312507.45,Vendor_0363,Unknown,Tier 2,62.1,6.0,5570595.07,9.23,2,Medium Risk
VND00076,42,60.98,7.49,280165040.06,Vendor_0076,Machinery,Tier 1,81.0,4.0,2255537.61,9.52,2,Medium Risk
VND00423,45,60.98,5.49,285619182.34,Vendor_0423,Logistics,Tier 3,36.4,3.0,1511291.86,6.67,2,Medium Risk
VND00647,51,60.87,9.07,337065887.38,Vendor_0647,Raw Material,Tier 2,71.6,3.0,3034872.26,5.88,2,Medium Risk
VND00242,56,60.78,6.86,331514048.46,Vendor_0242,Machinery,Tier 1,96.8,3.0,2427254.36,5.36,2,Medium Risk
VND00839,42,60.53,7.13,249041617.56,Vendor_0839,Packaging,Tier 2,70.6,2.0,1254252.94,4.76,2,Medium Risk
VND00043,46,60.47,5.67,248334124.3,Vendor_0043,IT Services,Tier 3,32.4,4.0,4235908.13,8.7,2,Medium Risk
VND00358,47,60.47,10.42,225824175.97,Vendor_0358,IT Services,Tier 2,71.0,4.0,1102710.14,8.51,2,Medium Risk
VND00764,43,60.47,6.93,254741576.07,Vendor_0764,Raw Material,Tier 1,82.1,1.0,1194289.25,2.33,2,Medium Risk
VND00065,49,60.42,6.23,311590284.42,Vendor_0065,Machinery,Tier 3,49.7,3.0,1062903.75,6.12,2,Medium Risk
VND00728,52,60.42,8.0,406385263.47,Vendor_0728,Logistics,Tier 1,85.7,5.0,1893145.35,9.62,2,Medium Risk
VND00067,56,60.38,6.06,339894137.1,Vendor_0067,Electronics,Tier 3,39.9,5.0,2396075.31,8.93,2,Medium Risk
VND00127,62,60.34,8.07,449922523.72,Vendor_0127,Logistics,Tier 1,87.3,4.0,2461524.05,6.45,2,Medium Risk
VND00789,61,60.34,7.33,423967143.51,Vendor_0789,Packaging,Tier 2,62.3,3.0,447408.3,4.92,2,Medium Risk
VND00490,71,60.29,7.15,398663973.86,Vendor_0490,IT Services,Tier 1,92.3,5.0,3023537.95,7.04,2,Medium Risk
VND00031,50,60.0,7.46,329044523.79,Vendor_0031,Raw Material,Unclassified,,4.0,4530442.87,8.0,2,Medium Risk
VND00039,58,60.0,9.71,369921683.27,Vendor_0039,Chemicals,Tier 2,77.9,2.0,806494.2,3.45,2,Medium Risk
VND00061,58,60.0,5.86,368645062.46,Vendor_0061,Electronics,Tier 3,57.2,5.0,2849492.97,8.62,2,Medium Risk
VND00173,43,60.0,8.88,256242729.03,Vendor_0173,Raw Material,Tier 2,65.8,4.0,1777459.81,9.3,2,Medium Risk
VND00184,35,60.0,9.66,171429303.02,Vendor_0184,Logistics,Tier 1,91.4,2.0,542054.78,5.71,2,Medium Risk
VND00229,52,60.0,7.27,327336022.46,Vendor_0229,Machinery,Unclassified,,2.0,745763.24,3.85,2,Medium Risk
VND00315,53,60.0,6.84,351897524.5,Vendor_0315,Machinery,Tier 1,88.5,4.0,3569878.93,7.55,2,Medium Risk
VND00535,41,60.0,5.38,289239953.09,Vendor_0535,Unknown,Tier 1,83.8,5.0,4283844.89,12.2,2,Medium Risk
VND00581,53,60.0,8.78,285147444.5,Vendor_0581,Logistics,Tier 2,62.1,2.0,1563488.63,3.77,2,Medium Risk
VND00616,47,60.0,6.98,292488604.17,Vendor_0616,Electronics,Tier 1,94.5,4.0,3976383.72,8.51,2,Medium Risk
VND00718,44,60.0,5.7,298296033.57,Vendor_0718,Textiles,Tier 1,97.6,5.0,4604659.42,11.36,2,Medium Risk
VND00239,55,59.62,6.63,340052516.25,Vendor_0239,Electronics,Tier 2,75.2,3.0,1385631.04,5.45,2,Medium Risk
VND00243,57,59.62,8.77,435653587.42,Vendor_0243,Logistics,Tier 1,94.0,4.0,1399506.33,7.02,2,Medium Risk
VND00306,53,59.62,8.17,261001802.15,Vendor_0306,Chemicals,Tier 1,98.3,5.0,1514001.33,9.43,2,Medium Risk
VND00526,55,59.62,7.79,383240195.34,Vendor_0526,Packaging,Tier 2,62.8,3.0,2671612.78,5.45,2,Medium Risk
VND00674,55,59.62,7.23,342914417.57,Vendor_0674,IT Services,Tier 2,66.7,4.0,4720936.83,7.27,2,Medium Risk
VND00821,55,59.62,6.67,341238365.75,Vendor_0821,Raw Material,Tier 1,86.2,0.0,0.0,0.0,2,Medium Risk
VND00997,55,59.62,5.63,356159701.57,Vendor_0997,Electronics,Tier 1,94.2,10.0,4097655.12,18.18,2,Medium Risk
VND00071,51,59.57,6.13,332991884.05,Vendor_0071,Machinery,Tier 1,84.1,5.0,4505552.57,9.8,2,Medium Risk
VND00336,50,59.57,5.32,340885889.45,Vendor_0336,Chemicals,Tier 3,32.9,2.0,539876.66,4.0,2,Medium Risk
VND00546,50,59.57,6.55,308276601.4,Vendor_0546,Logistics,Tier 3,55.1,2.0,456956.36,4.0,2,Medium Risk
VND00089,60,59.32,7.32,355826981.78,Vendor_0089,Chemicals,Tier 1,92.1,3.0,1113244.21,5.0,2,Medium Risk
VND00450,63,59.32,6.03,442983777.94,Vendor_0450,Chemicals,Tier 3,35.8,2.0,2168667.4,3.17,2,Medium Risk
VND00559,57,59.26,7.5,355003759.64,Vendor_0559,IT Services,Unclassified,,3.0,3322197.01,5.26,2,Medium Risk
VND00135,50,59.18,6.0,317070307.53,Vendor_0135,Textiles,Tier 1,96.0,8.0,4753519.11,16.0,2,Medium Risk
VND00504,52,59.09,5.45,345597453.27,Vendor_0504,Textiles,Tier 1,87.0,7.0,4267699.78,13.46,2,Medium Risk
VND00698,48,59.09,5.16,319910724.16,Vendor_0698,Electronics,Tier 2,70.7,8.0,4382795.39,16.67,2,Medium Risk
VND00770,47,59.09,6.64,316288339.56,Vendor_0770,IT Services,Tier 1,87.5,1.0,2039942.16,2.13,2,Medium Risk
VND00296,42,58.97,4.87,310796541.5,Vendor_0296,Logistics,Tier 2,66.6,5.0,3236517.75,11.9,2,Medium Risk
VND00415,39,58.97,8.72,222505228.32,Vendor_0415,Chemicals,Tier 2,74.2,3.0,2232795.57,7.69,2,Medium Risk
VND00507,40,58.97,9.21,268589909.25,Vendor_0507,Logistics,Tier 1,93.8,3.0,2314097.98,7.5,2,Medium Risk
VND00332,36,58.82,7.26,217907457.86,Vendor_0332,Chemicals,Tier 1,83.0,2.0,2736555.58,5.56,2,Medium Risk
VND00431,39,58.82,6.26,248748968.72,Vendor_0431,Logistics,Tier 3,40.0,2.0,420027.84,5.13,2,Medium Risk
VND00448,67,58.73,7.63,422165457.47,Vendor_0448,Raw Material,Tier 1,82.7,5.0,4173834.79,7.46,2,Medium Risk
VND00036,49,58.7,6.52,274078647.37,Vendor_0036,Machinery,Tier 1,86.6,5.0,3098331.49,10.2,2,Medium Risk
VND00426,48,58.7,7.89,300565888.59,Vendor_0426,Textiles,Tier 2,68.5,3.0,3335504.2,6.25,2,Medium Risk
VND00468,50,58.7,6.89,268931542.43,Vendor_0468,IT Services,Tier 1,90.8,3.0,2651198.9,6.0,2,Medium Risk
VND00479,48,58.7,6.89,336940327.67,Vendor_0479,Chemicals,Tier 1,97.9,2.0,662977.88,4.17,2,Medium Risk
VND00198,42,58.54,6.29,233687716.27,Vendor_0198,Electronics,Tier 1,92.8,13.0,9178917.78,30.95,2,Medium Risk
VND00919,47,58.54,6.56,246321886.86,Vendor_0919,IT Services,Tier 1,83.5,10.0,7854108.81,21.28,2,Medium Risk
VND00523,56,58.49,6.38,328724027.32,Vendor_0523,IT Services,Tier 1,97.9,7.0,6495863.86,12.5,2,Medium Risk
VND00992,54,58.49,7.45,347631555.9,Vendor_0992,Machinery,Tier 2,78.6,5.0,3332088.97,9.26,2,Medium Risk
VND00122,50,58.33,5.6,321914752.85,Vendor_0122,Logistics,Tier 1,92.7,5.0,3490770.12,10.0,2,Medium Risk
VND00424,51,58.33,7.58,289349788.96,Vendor_0424,Electronics,Tier 2,64.6,3.0,1505736.53,5.88,2,Medium Risk
VND00476,49,58.33,8.33,305758052.3,Vendor_0476,IT Services,Tier 1,99.5,4.0,1464716.67,8.16,2,Medium Risk
VND00807,49,58.33,7.88,351992598.41,Vendor_0807,Chemicals,Tier 1,95.4,4.0,1467045.73,8.16,2,Medium Risk
VND00596,58,58.18,6.0,415580060.02,Vendor_0596,Machinery,Tier 2,63.2,10.0,7290943.93,17.24,2,Medium Risk
VND00350,45,58.14,7.42,297086405.81,Vendor_0350,Textiles,Tier 2,73.8,3.0,1054196.09,6.67,2,Medium Risk
VND00420,45,58.14,5.6,341275196.17,Vendor_0420,Logistics,Tier 1,82.7,12.0,6364244.95,26.67,2,Medium Risk
VND00672,45,58.14,7.91,256814370.37,Vendor_0672,Unknown,Tier 1,92.8,2.0,856723.0,4.44,2,Medium Risk
VND00443,57,58.0,5.76,337516565.31,Vendor_0443,IT Services,Tier 3,56.2,4.0,1678249.38,7.02,2,Medium Risk
VND00713,54,58.0,6.82,343627968.3,Vendor_0713,Electronics,Tier 2,63.0,3.0,1568775.53,5.56,2,Medium Risk
VND00950,54,58.0,7.9,336099543.5,Vendor_0950,IT Services,Tier 2,71.8,5.0,3635422.28,9.26,2,Medium Risk
VND00251,44,57.89,6.16,279447567.12,Vendor_0251,Textiles,Unclassified,,6.0,3490875.25,13.64,2,Medium Risk
VND00302,39,57.89,6.42,224420990.84,Vendor_0302,Logistics,Tier 2,67.2,7.0,5256846.8,17.95,2,Medium Risk
VND00554,62,57.89,7.14,437851104.66,Vendor_0554,Electronics,Tier 2,69.3,4.0,1750303.12,6.45,2,Medium Risk
VND00509,50,57.78,7.11,305740843.34,Vendor_0509,Machinery,Tier 1,96.5,4.0,2862099.64,8.0,2,Medium Risk
VND00973,47,57.78,7.02,271630910.48,Vendor_0973,Logistics,Tier 1,81.3,3.0,1912898.67,6.38,2,Medium Risk
VND00512,57,57.69,5.94,361045410.07,Vendor_0512,Chemicals,Tier 3,59.3,3.0,1154799.87,5.26,2,Medium Risk
VND00052,50,57.45,7.6,359795565.85,Vendor_0052,Logistics,Tier 1,84.3,2.0,995809.91,4.0,2,Medium Risk
VND00287,50,57.45,5.66,335539408.87,Vendor_0287,Chemicals,Tier 2,62.6,7.0,2189256.41,14.0,2,Medium Risk
VND00503,51,57.45,6.11,261961380.14,Vendor_0503,Textiles,Tier 3,51.7,4.0,1713826.44,7.84,2,Medium Risk
VND00685,49,57.45,5.83,333556938.37,Vendor_0685,Raw Material,Tier 1,95.1,12.0,8257725.61,24.49,2,Medium Risk
VND00588,63,57.38,6.0,369482169.62,Vendor_0588,Machinery,Tier 3,39.0,3.0,1704835.61,4.76,2,Medium Risk
VND00868,64,57.38,6.38,409156310.93,Vendor_0868,Machinery,Tier 3,42.7,3.0,2230558.21,4.69,2,Medium Risk
VND00003,44,57.14,5.21,334148936.64,Vendor_0003,Machinery,Tier 1,81.2,6.0,1454313.88,13.64,2,Medium Risk
VND00016,50,57.14,4.38,350464395.56,Vendor_0016,Chemicals,Tier 3,42.8,4.0,4966926.28,8.0,2,Medium Risk
VND00026,45,57.14,6.5,303744461.96,Vendor_0026,IT Services,Unclassified,,6.0,3625074.08,13.33,2,Medium Risk
VND00092,46,57.14,5.6,252897469.85,Vendor_0092,Raw Material,Tier 2,79.9,6.0,1226181.08,13.04,2,Medium Risk
VND00359,45,57.14,5.88,275886862.66,Vendor_0359,IT Services,Tier 1,95.8,7.0,5239984.82,15.56,2,Medium Risk
VND00923,45,57.14,8.29,257732282.86,Vendor_0923,Electronics,Tier 1,92.6,3.0,3015998.36,6.67,2,Medium Risk
VND00954,50,57.14,4.57,296893928.95,Vendor_0954,Electronics,Tier 1,94.0,5.0,3353807.55,10.0,2,Medium Risk
VND00082,62,56.9,7.05,417398768.8,Vendor_0082,Chemicals,Tier 2,73.6,4.0,3592517.65,6.45,2,Medium Risk
VND00442,58,56.9,7.78,390126967.7,Vendor_0442,Logistics,Tier 1,99.1,3.0,1601923.41,5.17,2,Medium Risk
VND00991,66,56.9,7.19,447988760.13,Vendor_0991,Packaging,Tier 1,86.0,3.0,1464015.54,4.55,2,Medium Risk
VND00829,51,56.86,5.35,384454370.49,Vendor_0829,Packaging,Tier 1,81.6,9.0,4834584.89,17.65,2,Medium Risk
VND00200,49,56.82,7.52,330901315.54,Vendor_0200,Textiles,Tier 1,84.6,3.0,3883086.02,6.12,2,Medium Risk
VND00385,47,56.82,5.52,271789048.58,Vendor_0385,Raw Material,Tier 1,81.5,5.0,3586711.17,10.64,2,Medium Risk
VND00429,47,56.82,4.43,326267501.12,Vendor_0429,Textiles,Tier 3,54.6,4.0,4215076.38,8.51,2,Medium Risk
VND00520,49,56.82,6.23,347206687.18,Vendor_0520,Electronics,Tier 3,40.5,0.0,0.0,0.0,2,Medium Risk
VND00910,47,56.82,6.52,276596400.9,Vendor_0910,Machinery,Tier 3,56.6,2.0,331104.52,4.26,2,Medium Risk
VND00354,66,56.67,6.27,497285341.07,Vendor_0354,Logistics,Tier 3,41.4,5.0,3706400.6,7.58,2,Medium Risk
VND00342,58,56.6,6.79,440080225.76,Vendor_0342,Textiles,Tier 2,63.1,4.0,1750648.23,6.9,2,Medium Risk
VND00605,54,56.6,7.77,326513701.44,Vendor_0605,Electronics,Unclassified,,3.0,4467194.67,5.56,2,Medium Risk
VND00666,50,56.52,5.7,313019118.66,Vendor_0666,Packaging,Tier 3,40.7,1.0,710282.64,2.0,2,Medium Risk
VND00221,44,56.41,5.41,227254185.02,Vendor_0221,Electronics,Tier 2,76.0,6.0,1743336.32,13.64,2,Medium Risk
VND00428,43,56.41,7.95,341285339.36,Vendor_0428,IT Services,Tier 1,92.1,4.0,2460577.59,9.3,2,Medium Risk
VND00819,58,56.36,4.29,361455383.83,Vendor_0819,Packaging,Tier 3,33.8,5.0,1919402.08,8.62,2,Medium Risk
VND00804,50,56.25,7.17,424015893.32,Vendor_0804,Electronics,Tier 2,72.5,4.0,2546588.42,8.0,2,Medium Risk
VND00223,63,56.14,5.96,392878605.75,Vendor_0223,Machinery,Tier 3,36.6,4.0,2841968.89,6.35,2,Medium Risk
VND00283,61,56.14,5.26,388797941.46,Vendor_0283,Packaging,Tier 3,56.3,4.0,930371.51,6.56,2,Medium Risk
VND00409,60,56.14,5.65,332047979.66,Vendor_0409,Machinery,Tier 1,93.4,6.0,4005567.8,10.0,2,Medium Risk
VND00220,41,56.1,4.9,284340545.52,Vendor_0220,Electronics,Tier 1,89.4,6.0,6778233.08,14.63,2,Medium Risk
VND00864,45,56.1,6.66,284573984.51,Vendor_0864,Machinery,Tier 2,60.9,2.0,1125505.2,4.44,2,Medium Risk
VND00469,47,55.81,5.47,339473797.75,Vendor_0469,Chemicals,Tier 3,45.7,5.0,1727473.03,10.64,2,Medium Risk
VND00966,44,55.81,6.81,286694162.89,Vendor_0966,Raw Material,Tier 3,54.9,1.0,73461.36,2.27,2,Medium Risk
VND00032,39,55.56,5.92,307543639.95,Vendor_0032,Logistics,Tier 3,41.9,6.0,2999843.18,15.38,2,Medium Risk
VND00192,39,55.56,7.0,269467645.97,Vendor_0192,IT Services,Tier 1,92.8,9.0,6843120.52,23.08,2,Medium Risk
VND00851,61,55.36,6.02,447694907.54,Vendor_0851,Chemicals,Tier 3,34.7,6.0,4707745.22,9.84,2,Medium Risk
VND00166,42,55.26,7.55,263751634.58,Vendor_0166,Logistics,Tier 1,88.5,5.0,3587926.41,11.9,2,Medium Risk
VND00291,39,55.26,4.66,238610649.66,Vendor_0291,Packaging,Tier 3,32.1,6.0,1871497.62,15.38,2,Medium Risk
VND00565,42,55.26,6.0,240617641.93,Vendor_0565,Logistics,Tier 3,54.5,6.0,5049834.48,14.29,2,Medium Risk
VND00536,52,55.1,7.82,346500602.69,Vendor_0536,IT Services,Tier 1,96.1,7.0,2578827.68,13.46,2,Medium Risk
VND00124,41,55.0,4.72,250993116.18,Vendor_0124,Raw Material,Tier 3,37.7,7.0,4411033.09,17.07,2,Medium Risk
VND00427,41,55.0,7.25,265256952.04,Vendor_0427,Chemicals,Tier 2,60.9,8.0,3957255.59,19.51,2,Medium Risk
VND00652,41,55.0,8.15,247268367.0,Vendor_0652,Raw Material,Tier 2,67.6,5.0,3476377.28,12.2,2,Medium Risk
VND00742,67,55.0,7.42,377581394.39,Vendor_0742,Logistics,Tier 3,51.1,6.0,3837297.3,8.96,2,Medium Risk
VND00584,53,54.9,6.9,369565426.39,Vendor_0584,Packaging,Tier 3,53.0,2.0,717271.78,3.77,2,Medium Risk
VND00651,57,54.9,6.51,357754973.26,Vendor_0651,Machinery,Tier 3,36.1,6.0,4483229.4,10.53,2,Medium Risk
VND00615,43,54.76,8.24,251963896.37,Vendor_0615,IT Services,Tier 1,91.2,6.0,2857042.98,13.95,2,Medium Risk
VND00704,55,54.72,5.32,347839250.43,Vendor_0704,Electronics,Tier 3,39.4,6.0,1655755.64,10.91,2,Medium Risk
VND00081,48,54.55,9.43,361773011.6,Vendor_0081,Packaging,Tier 1,90.4,7.0,2660882.67,14.58,2,Medium Risk
VND00658,46,54.55,6.07,265787000.66,Vendor_0658,Logistics,Tier 3,55.4,5.0,2749517.5,10.87,2,Medium Risk
VND00782,37,54.55,8.82,176403169.47,Vendor_0782,Chemicals,Tier 2,68.0,4.0,4723757.95,10.81,2,Medium Risk
VND00054,49,54.35,7.22,306275799.23,Vendor_0054,IT Services,Tier 1,92.6,6.0,5865034.57,12.24,2,Medium Risk
VND00091,50,54.35,5.39,338081463.94,Vendor_0091,Logistics,Tier 3,38.4,8.0,3218105.38,16.0,2,Medium Risk
VND00697,53,54.35,7.61,265904727.75,Vendor_0697,IT Services,Tier 3,50.2,5.0,3466630.91,9.43,2,Medium Risk
VND00070,51,54.17,8.42,335115086.49,Vendor_0070,Electronics,Tier 1,99.1,8.0,2850631.08,15.69,2,Medium Risk
VND00392,52,54.17,3.83,397119675.5,Vendor_0392,Logistics,Tier 3,58.9,6.0,2490476.14,11.54,2,Medium Risk
VND00401,50,54.17,6.71,309589465.78,Vendor_0401,Packaging,Tier 3,37.2,2.0,575155.7,4.0,2,Medium Risk
VND00593,48,54.17,7.38,383916711.81,Vendor_0593,Logistics,Tier 3,42.7,3.0,785477.32,6.25,2,Medium Risk
VND00832,39,54.05,7.19,224552519.64,Vendor_0832,Packaging,Tier 2,61.7,7.0,5449943.55,17.95,2,Medium Risk
VND00461,52,54.0,6.86,338974843.69,Vendor_0461,IT Services,Tier 3,38.2,5.0,3864548.86,9.62,2,Medium Risk
VND00592,53,54.0,8.3,311789882.83,Vendor_0592,Machinery,Tier 2,74.9,10.0,7710496.0,18.87,2,Medium Risk
VND00544,54,53.85,7.77,360405419.98,Vendor_0544,Packaging,Tier 2,77.0,7.0,4593170.84,12.96,2,Medium Risk
VND00400,46,53.66,6.93,348229427.09,Vendor_0400,IT Services,Tier 1,82.8,5.0,3886075.84,10.87,2,Medium Risk
VND00547,46,53.66,5.51,291943277.91,Vendor_0547,Chemicals,Tier 3,37.9,9.0,4414082.01,19.57,2,Medium Risk
VND00999,43,53.66,6.76,285880621.85,Vendor_0999,IT Services,Tier 1,96.5,6.0,3813014.05,13.95,2,Medium Risk
VND00125,60,53.57,6.96,345273715.79,Vendor_0125,Chemicals,Tier 3,46.0,2.0,1370162.55,3.33,2,Medium Risk
VND00823,46,53.49,6.95,260722849.12,Vendor_0823,Chemicals,Tier 3,53.3,1.0,527217.6,2.17,2,Medium Risk
VND00747,58,53.45,4.84,370481501.39,Vendor_0747,IT Services,Tier 3,56.9,6.0,3271684.55,10.34,2,Medium Risk
VND00939,61,53.45,7.79,395432319.26,Vendor_0939,Chemicals,Tier 3,38.2,3.0,2588170.04,4.92,2,Medium Risk
VND00408,49,53.33,6.98,286024441.25,Vendor_0408,Logistics,Tier 3,30.8,1.0,969338.4,2.04,2,Medium Risk
VND00444,49,53.33,5.73,343695089.58,Vendor_0444,Logistics,Tier 3,55.9,8.0,4383241.49,16.33,2,Medium Risk
VND00840,48,53.33,7.02,315461130.03,Vendor_0840,Logistics,Tier 2,74.3,7.0,2349925.66,14.58,2,Medium Risk
VND00457,50,53.19,6.34,363442851.54,Vendor_0457,Raw Material,Tier 3,30.8,6.0,3102129.38,12.0,2,Medium Risk
VND00406,52,53.06,8.24,328399918.33,Vendor_0406,Machinery,Tier 1,92.7,8.0,5496510.15,15.38,2,Medium Risk
VND00597,50,53.06,8.63,327120194.38,Vendor_0597,Raw Material,Tier 2,76.7,7.0,4040053.35,14.0,2,Medium Risk
VND00169,37,52.94,6.35,268118446.91,Vendor_0169,IT Services,Tier 3,32.9,5.0,2820441.67,13.51,2,Medium Risk
VND00285,39,52.94,6.79,238915681.68,Vendor_0285,Raw Material,Tier 2,70.5,8.0,4460831.08,20.51,2,Medium Risk
VND00745,54,52.94,5.53,331829278.38,Vendor_0745,Electronics,Tier 3,46.3,6.0,2712288.22,11.11,2,Medium Risk
VND00372,59,52.83,6.32,364111143.21,Vendor_0372,Raw Material,Tier 3,31.3,8.0,3949232.72,13.56,2,Medium Risk
VND00410,58,52.83,6.64,413148245.33,Vendor_0410,IT Services,Tier 3,36.4,3.0,1427340.82,5.17,2,Medium Risk
VND00133,39,52.63,6.11,209479551.89,Vendor_0133,Logistics,Tier 3,38.4,6.0,2755349.89,15.38,2,Medium Risk
VND00112,66,52.38,6.87,390424266.69,Vendor_0112,Logistics,Tier 3,41.3,3.0,1538560.76,4.55,2,Medium Risk
VND00148,49,52.27,6.68,307484394.15,Vendor_0148,Chemicals,Tier 2,65.2,7.0,4660550.98,14.29,2,Medium Risk
VND00202,45,52.27,4.48,273078151.3,Vendor_0202,Logistics,Tier 3,35.9,7.0,4887355.59,15.56,2,Medium Risk
VND00543,45,52.27,5.75,215449131.09,Vendor_0543,Chemicals,Tier 3,46.0,8.0,5456338.34,17.78,2,Medium Risk
VND00845,47,52.27,5.45,269644310.09,Vendor_0845,Raw Material,Tier 3,40.4,7.0,4299740.86,14.89,2,Medium Risk
VND00471,49,52.17,5.3,328866104.95,Vendor_0471,Textiles,Tier 3,30.9,9.0,5542519.02,18.37,2,Medium Risk
VND00206,49,52.08,5.62,320730689.17,Vendor_0206,Unknown,Tier 3,30.6,5.0,2783229.32,10.2,2,Medium Risk
VND00856,52,52.08,6.94,291038529.88,Vendor_0856,Machinery,Tier 3,43.3,4.0,2605606.46,7.69,2,Medium Risk
VND00925,48,52.08,5.06,303004442.51,Vendor_0925,Machinery,Tier 3,59.8,5.0,2095660.59,10.42,2,Medium Risk
VND00235,51,52.0,6.54,301486453.05,Vendor_0235,Electronics,Tier 3,43.7,6.0,5099609.71,11.76,2,Medium Risk
VND00976,52,52.0,6.88,367939573.79,Vendor_0976,Packaging,Tier 3,48.4,3.0,2294099.49,5.77,2,Medium Risk
VND00063,54,51.92,6.83,410697481.04,Vendor_0063,Textiles,Tier 1,88.0,6.0,3080394.15,11.11,2,Medium Risk
VND00539,53,51.92,8.17,348608867.49,Vendor_0539,Textiles,Tier 2,61.5,6.0,2495897.5,11.32,2,Medium Risk
VND00274,62,51.79,6.57,432720212.85,Vendor_0274,Chemicals,Tier 1,93.9,10.0,8568916.72,16.13,2,Medium Risk
VND00635,60,51.79,5.88,456248859.95,Vendor_0635,Machinery,Tier 3,37.5,7.0,2784817.59,11.67,2,Medium Risk
VND00937,59,51.79,6.61,417360794.44,Vendor_0937,Textiles,Tier 3,31.3,4.0,3726117.56,6.78,2,Medium Risk
VND00723,61,51.72,5.5,438617704.96,Vendor_0723,Logistics,Tier 3,34.7,6.0,4223266.12,9.84,2,Medium Risk
VND00695,34,51.52,5.27,183610957.7,Vendor_0695,Packaging,Tier 3,38.0,8.0,8962346.63,23.53,2,Medium Risk
VND00333,37,51.35,5.03,287962622.99,Vendor_0333,Textiles,Tier 3,31.0,9.0,5244826.96,24.32,2,Medium Risk
VND00449,42,51.28,6.15,301714982.64,Vendor_0449,Textiles,Tier 3,56.3,10.0,7434045.47,23.81,2,Medium Risk
VND00466,41,51.28,3.13,215906366.12,Vendor_0466,Chemicals,Tier 3,56.2,6.0,4079731.94,14.63,2,Medium Risk
VND00473,40,51.28,6.05,287708467.6,Vendor_0473,Unknown,Tier 3,33.0,5.0,2623780.23,12.5,2,Medium Risk
VND00353,45,51.22,6.78,251440350.91,Vendor_0353,Machinery,Tier 2,76.1,7.0,3949919.69,15.56,2,Medium Risk
VND00877,45,51.16,7.02,210802059.53,Vendor_0877,Machinery,Tier 1,80.1,7.0,6112656.83,15.56,2,Medium Risk
VND00949,46,51.16,6.7,253282777.3,Vendor_0949,Logistics,Tier 1,91.2,7.0,6968867.36,15.22,2,Medium Risk
VND00132,51,51.11,5.42,366486976.23,Vendor_0132,IT Services,Tier 3,45.5,8.0,3603774.52,15.69,2,Medium Risk
VND00564,47,51.11,5.62,264074756.69,Vendor_0564,Machinery,Tier 3,31.0,6.0,4403342.3,12.77,2,Medium Risk
VND00182,47,51.06,5.36,323734775.95,Vendor_0182,IT Services,Tier 3,37.9,6.0,2354104.08,12.77,2,Medium Risk
VND00246,48,51.06,6.79,323028099.7,Vendor_0246,Machinery,Tier 1,95.0,5.0,2043620.02,10.42,2,Medium Risk
VND00614,51,51.06,6.0,310166015.97,Vendor_0614,Machinery,Tier 3,35.7,9.0,8148747.31,17.65,2,Medium Risk
VND00998,50,51.06,4.55,293807501.58,Vendor_0998,IT Services,Tier 3,39.6,6.0,5403914.13,12.0,2,Medium Risk
VND00100,53,51.02,6.86,343039649.31,Vendor_0100,IT Services,Tier 3,37.6,5.0,3431576.13,9.43,2,Medium Risk
VND00106,50,51.02,7.14,254828691.79,Vendor_0106,Unknown,Tier 3,47.5,4.0,2784494.41,8.0,2,Medium Risk
VND00370,52,51.02,7.24,333956393.81,Vendor_0370,Logistics,Tier 3,34.9,2.0,397042.58,3.85,2,Medium Risk
VND00126,59,50.0,7.95,337115493.02,Vendor_0126,Electronics,Tier 3,59.9,4.0,1875855.4,6.78,2,Medium Risk
VND00167,43,50.0,5.33,276257771.62,Vendor_0167,Packaging,Tier 3,52.5,6.0,2063611.88,13.95,2,Medium Risk
VND00210,52,50.0,4.28,313568609.85,Vendor_0210,Logistics,Tier 3,41.3,7.0,2358792.13,13.46,2,Medium Risk
VND00269,42,50.0,5.18,258783217.39,Vendor_0269,Unknown,Tier 3,55.2,6.0,3294312.86,14.29,2,Medium Risk
VND00294,45,50.0,5.61,310145934.23,Vendor_0294,Raw Material,Tier 3,55.2,10.0,4746126.39,22.22,2,Medium Risk
VND00375,51,50.0,6.52,319184541.41,Vendor_0375,IT Services,Tier 3,35.0,5.0,3630489.91,9.8,2,Medium Risk
VND00403,46,50.0,6.63,396528469.94,Vendor_0403,IT Services,Tier 2,65.4,5.0,2315657.34,10.87,2,Medium Risk
VND00477,42,50.0,4.15,233730385.1,Vendor_0477,Raw Material,Tier 3,35.2,6.0,4406624.46,14.29,2,Medium Risk
VND00590,43,50.0,5.65,244624677.26,Vendor_0590,Electronics,Tier 3,40.6,7.0,4047610.88,16.28,2,Medium Risk
VND00640,40,50.0,5.58,284066892.75,Vendor_0640,Machinery,Tier 3,56.4,10.0,10136388.35,25.0,2,Medium Risk
VND00673,42,50.0,4.82,363462058.58,Vendor_0673,Electronics,Tier 3,35.6,7.0,5385060.88,16.67,2,Medium Risk
VND00847,48,50.0,6.61,328462019.81,Vendor_0847,Machinery,Tier 3,36.0,3.0,2369039.24,6.25,2,Medium Risk
VND00880,34,50.0,5.53,182815019.54,Vendor_0880,Unknown,Tier 3,45.5,4.0,2740145.81,11.76,2,Medium Risk
VND00886,47,50.0,6.2,330622963.91,Vendor_0886,Unknown,Tier 3,42.5,5.0,3698870.27,10.64,2,Medium Risk
VND00890,37,50.0,5.94,220067895.14,Vendor_0890,Packaging,Tier 3,47.0,5.0,5415282.04,13.51,2,Medium Risk
VND00638,51,49.02,5.98,343739987.28,Vendor_0638,Logistics,Tier 3,47.0,7.0,3699670.04,13.73,2,Medium Risk
VND00380,47,48.89,5.73,334543419.02,Vendor_0380,Textiles,Tier 3,49.7,5.0,2568871.11,10.64,2,Medium Risk
VND00570,46,48.89,5.0,332108824.76,Vendor_0570,IT Services,Tier 3,54.4,6.0,2760352.23,13.04,2,Medium Risk
VND00774,47,48.84,4.81,267113513.93,Vendor_0774,IT Services,Tier 3,57.8,7.0,8781116.91,14.89,2,Medium Risk
VND00784,47,48.84,4.93,274285188.57,Vendor_0784,Textiles,Tier 3,54.2,8.0,3198978.08,17.02,2,Medium Risk
VND00983,44,48.78,3.95,282889529.58,Vendor_0983,Electronics,Tier 3,37.5,7.0,3601425.12,15.91,2,Medium Risk
VND00395,40,48.57,4.14,248365715.48,Vendor_0395,Packaging,Tier 3,53.9,5.0,4326739.17,12.5,2,Medium Risk
VND00711,40,48.57,6.6,248911039.82,Vendor_0711,Raw Material,Tier 1,83.2,5.0,4237158.42,12.5,2,Medium Risk
VND00522,62,48.33,5.03,392916420.36,Vendor_0522,Chemicals,Tier 3,56.7,7.0,3966448.97,11.29,2,Medium Risk
VND00846,48,47.83,4.96,304003307.17,Vendor_0846,IT Services,Tier 3,59.0,6.0,3011727.72,12.5,2,Medium Risk
VND00568,45,47.73,7.45,290460495.53,Vendor_0568,Machinery,Tier 2,60.6,6.0,3279132.03,13.33,2,Medium Risk
VND00740,45,47.62,4.93,285632428.22,Vendor_0740,Textiles,Tier 3,56.4,8.0,7303290.45,17.78,2,Medium Risk
VND00820,44,47.5,4.53,244299768.44,Vendor_0820,Machinery,Tier 3,53.5,5.0,3465601.41,11.36,2,Medium Risk
VND00881,44,47.5,5.3,306422314.14,Vendor_0881,Machinery,Tier 3,46.2,5.0,2699545.19,11.36,2,Medium Risk
VND00833,40,47.37,4.61,227485871.83,Vendor_0833,Packaging,Tier 3,39.9,4.0,2750527.35,10.0,2,Medium Risk
VND00611,59,47.27,7.69,384489752.22,Vendor_0611,Chemicals,Tier 3,32.8,5.0,3938241.02,8.47,2,Medium Risk
VND00735,57,47.17,3.91,348740872.67,Vendor_0735,Raw Material,Tier 3,55.1,8.0,5381043.94,14.04,2,Medium Risk
VND00902,56,47.06,6.9,391258305.88,Vendor_0902,Electronics,Tier 3,31.9,5.0,1339548.61,8.93,2,Medium Risk
VND00759,51,46.94,6.82,307555098.55,Vendor_0759,Electronics,Unclassified,,9.0,5882621.9,17.65,2,Medium Risk
VND00213,33,46.88,8.06,189012214.34,Vendor_0213,Packaging,Tier 2,75.6,4.0,2257169.28,12.12,2,Medium Risk
VND00153,49,46.67,4.36,271306927.12,Vendor_0153,IT Services,Tier 3,40.1,5.0,5745376.95,10.2,2,Medium Risk
VND00968,51,46.67,4.82,285455837.97,Vendor_0968,Logistics,Tier 3,50.8,5.0,3293804.27,9.8,2,Medium Risk
VND00417,45,46.51,4.21,190000090.82,Vendor_0417,Electronics,Tier 3,50.5,8.0,7070696.38,17.78,2,Medium Risk
VND00174,44,46.15,4.1,277149894.91,Vendor_0174,Packaging,Tier 3,45.9,6.0,3290526.7,13.64,2,Medium Risk
VND00240,45,46.15,6.0,301327574.3,Vendor_0240,Packaging,Tier 3,42.4,9.0,3348555.39,20.0,2,Medium Risk
VND00178,52,46.0,4.8,392610730.95,Vendor_0178,Machinery,Tier 3,57.1,8.0,7603926.96,15.38,2,Medium Risk
VND00455,36,45.71,4.57,306280343.16,Vendor_0455,Raw Material,Tier 3,37.8,4.0,1256417.16,11.11,2,Medium Risk
VND00694,59,45.45,5.27,391600077.39,Vendor_0694,Machinery,Tier 3,47.0,6.0,3786116.49,10.17,2,Medium Risk
VND00460,48,45.24,3.19,350575734.73,Vendor_0460,Packaging,Tier 3,38.3,5.0,2143060.63,10.42,2,Medium Risk
VND00024,41,45.0,5.38,283865454.13,Vendor_0024,Logistics,Tier 3,55.6,7.0,6989308.87,17.07,2,Medium Risk
VND00883,54,44.9,6.43,321484854.81,Vendor_0883,Raw Material,Tier 3,31.4,9.0,8491480.45,16.67,2,Medium Risk
VND00062,57,44.44,4.8,485129180.78,Vendor_0062,Textiles,Tier 3,49.0,6.0,4532470.61,10.53,2,Medium Risk
VND00388,49,43.75,3.29,251500934.99,Vendor_0388,Logistics,Tier 3,42.4,9.0,6212183.33,18.37,2,Medium Risk
VND00209,38,43.24,5.73,234633560.34,Vendor_0209,Chemicals,Tier 3,30.4,10.0,5500444.95,26.32,2,Medium Risk
VND00955,48,42.55,5.87,291688012.34,Vendor_0955,Chemicals,Tier 3,59.3,6.0,4004911.32,12.5,2,Medium Risk
VND00446,53,42.31,6.79,339511976.1,Vendor_0446,Textiles,Tier 1,96.3,6.0,1826984.84,11.32,2,Medium Risk
VND00677,56,42.31,3.96,379932784.2,Vendor_0677,Machinery,Tier 3,37.8,10.0,8863307.49,17.86,2,Medium Risk
VND00703,43,41.46,5.41,279152538.82,Vendor_0703,Chemicals,Tier 3,53.6,6.0,3834703.04,13.95,2,Medium Risk
VND00580,60,40.0,3.93,299544306.01,Vendor_0580,Electronics,Tier 3,48.1,7.0,6951610.04,11.67,2,Medium Risk
VND00641,51,39.58,3.62,335493216.8,Vendor_0641,Electronics,Tier 3,31.4,6.0,4318982.22,11.76,2,Medium Risk
VND00217,49,39.13,5.04,263655065.82,Vendor_0217,Electronics,Tier 3,52.8,5.0,2182720.61,10.2,2,Medium Risk
VND00765,48,38.64,4.52,249089167.84,Vendor_0765,Machinery,Tier 3,32.3,8.0,3966262.63,16.67,2,Medium Risk
VND00702,52,37.5,5.19,291904470.71,Vendor_0702,Chemicals,Tier 3,33.6,8.0,2210040.7,15.38,2,Medium Risk
VND00843,56,36.36,4.8,343999324.21,Vendor_0843,IT Services,Tier 3,42.5,7.0,3629593.46,12.5,2,Medium Risk
VND00139,45,31.82,3.66,238207102.18,Vendor_0139,Textiles,Tier 3,55.5,6.0,5486049.38,13.33,2,Medium Risk
VND00316,48,69.77,6.33,244967059.81,Vendor_0316,Packaging,Tier 2,78.7,1.0,44339.75,2.08,1,Low Risk
VND00397,52,68.63,6.37,310065712.22,Vendor_0397,Chemicals,Tier 1,90.1,3.0,2708945.63,5.77,1,Low Risk
VND00660,54,65.38,5.62,324814640.51,Vendor_0660,Logistics,Tier 2,70.0,4.0,3256198.33,7.41,1,Low Risk
VND00360,53,64.71,5.96,299999014.56,Vendor_0360,Logistics,Tier 2,70.3,5.0,3530438.88,9.43,1,Low Risk
VND00706,43,63.41,6.27,278693298.15,Vendor_0706,Chemicals,Tier 1,99.3,4.0,3739287.28,9.3,1,Low Risk
VND00980,42,63.16,5.29,263957499.76,Vendor_0980,Packaging,Tier 2,71.8,3.0,2654698.21,7.14,1,Low Risk
VND00094,60,62.96,5.81,395425230.2,Vendor_0094,Electronics,Tier 2,69.3,4.0,2760348.8,6.67,1,Low Risk
VND00933,55,62.96,6.3,347888653.77,Vendor_0933,Electronics,Tier 1,98.9,4.0,2703079.78,7.27,1,Low Risk
VND00531,59,62.26,5.74,351044508.6,Vendor_0531,Machinery,Tier 1,86.9,4.0,1912861.7,6.78,1,Low Risk
VND00236,46,61.54,5.74,307059820.13,Vendor_0236,Packaging,Tier 1,80.6,4.0,1781206.31,8.7,1,Low Risk
VND00906,47,60.98,6.51,307848948.07,Vendor_0906,Chemicals,Tier 1,92.5,4.0,2143278.33,8.51,1,Low Risk
VND00938,42,60.53,4.97,338672333.04,Vendor_0938,IT Services,Tier 1,94.0,3.0,2747127.38,7.14,1,Low Risk
VND00365,50,60.42,6.27,324564998.32,Vendor_0365,Chemicals,Tier 1,95.9,3.0,1572743.89,6.0,1,Low Risk
VND00749,38,60.0,5.51,257621216.92,Vendor_0749,Machinery,Tier 1,93.5,2.0,380161.19,5.26,1,Low Risk
VND00772,56,60.0,5.69,426922598.76,Vendor_0772,Chemicals,Tier 1,89.3,4.0,2847968.42,7.14,1,Low Risk
VND00866,32,60.0,5.8,213348764.94,Vendor_0866,Raw Material,Tier 2,69.2,2.0,830567.5,6.25,1,Low Risk
VND00800,54,59.18,6.06,346287979.9,Vendor_0800,IT Services,Tier 1,94.6,3.0,1670136.64,5.56,1,Low Risk
VND00632,57,58.18,6.35,308160998.47,Vendor_0632,IT Services,Tier 1,92.7,2.0,1236537.9,3.51,1,Low Risk
VND00231,45,58.14,6.07,268788871.98,Vendor_0231,IT Services,Tier 1,85.6,3.0,529548.56,6.67,1,Low Risk
VND00352,52,58.0,4.46,326446371.84,Vendor_0352,Unknown,Tier 1,90.0,2.0,1476523.41,3.85,1,Low Risk
VND00585,62,57.89,5.82,326202339.56,Vendor_0585,Logistics,Tier 2,74.3,0.0,0.0,0.0,1,Low Risk
VND00033,53,57.45,6.34,297814123.86,Vendor_0033,Raw Material,Unclassified,,4.0,2369729.54,7.55,1,Low Risk
VND00576,54,57.45,5.13,264384448.83,Vendor_0576,Machinery,Tier 1,96.5,5.0,1481163.12,9.26,1,Low Risk
VND00801,48,57.45,5.66,274669890.49,Vendor_0801,Machinery,Tier 2,79.5,3.0,1547029.66,6.25,1,Low Risk
VND00891,55,57.41,6.15,347382701.46,Vendor_0891,Unknown,Tier 1,80.6,5.0,2905097.07,9.09,1,Low Risk
VND00056,58,57.14,6.43,432430561.09,Vendor_0056,Unknown,Tier 1,94.5,0.0,0.0,0.0,1,Low Risk
VND00187,55,57.14,5.45,498548300.41,Vendor_0187,Raw Material,Tier 1,87.2,5.0,1047705.85,9.09,1,Low Risk
VND00482,49,57.14,5.92,255454344.73,Vendor_0482,Raw Material,Tier 2,78.7,2.0,821151.25,4.08,1,Low Risk
VND00551,64,57.14,5.79,304603891.52,Vendor_0551,Machinery,Tier 2,66.4,6.0,2462035.41,9.38,1,Low Risk
VND00462,47,56.82,6.23,306456434.53,Vendor_0462,Packaging,Tier 2,75.4,2.0,2658894.28,4.26,1,Low Risk
VND00758,45,56.82,5.86,322204865.28,Vendor_0758,Packaging,Tier 2,67.3,2.0,2555473.37,4.44,1,Low Risk
VND00117,56,56.6,6.15,351733302.32,Vendor_0117,Logistics,Tier 1,86.3,4.0,2627961.9,7.14,1,Low Risk
VND00325,49,56.52,6.48,328326336.19,Vendor_0325,Textiles,Tier 1,96.8,0.0,0.0,0.0,1,Low Risk
VND00183,39,56.41,6.41,244832125.31,Vendor_0183,Packaging,Tier 1,94.7,2.0,268772.74,5.13,1,Low Risk
VND00197,45,56.41,5.13,275908890.21,Vendor_0197,Electronics,Tier 1,80.8,3.0,349711.38,6.67,1,Low Risk
VND00137,57,56.36,5.36,432118832.3,Vendor_0137,Electronics,Tier 2,66.3,2.0,481310.98,3.51,1,Low Risk
VND00982,61,56.14,6.28,331169518.37,Vendor_0982,Packaging,Tier 1,84.0,4.0,2259042.91,6.56,1,Low Risk
VND00121,54,56.0,5.74,351443859.26,Vendor_0121,Raw Material,Tier 1,86.5,3.0,1745616.45,5.56,1,Low Risk
VND00689,52,56.0,5.8,350477860.75,Vendor_0689,Machinery,Tier 1,83.9,2.0,626235.82,3.85,1,Low Risk
VND00724,51,56.0,5.92,340912417.45,Vendor_0724,Chemicals,Tier 1,81.9,3.0,1050746.88,5.88,1,Low Risk
VND00609,61,55.93,7.93,368783917.25,Vendor_0609,IT Services,Tier 2,65.2,4.0,1050119.77,6.56,1,Low Risk
VND00699,60,55.93,6.22,328067625.77,Vendor_0699,IT Services,Tier 3,40.8,5.0,3198480.44,8.33,1,Low Risk
VND00595,37,55.88,5.79,227630662.67,Vendor_0595,Packaging,Tier 1,92.8,6.0,4381201.79,16.22,1,Low Risk
VND00074,55,55.77,7.33,284198576.13,Vendor_0074,IT Services,Tier 1,87.1,5.0,2641071.76,9.09,1,Low Risk
VND00436,58,55.77,7.06,345312188.93,Vendor_0436,IT Services,Tier 2,79.1,4.0,2137184.4,6.9,1,Low Risk
VND00898,56,55.77,4.37,284459991.47,Vendor_0898,Machinery,Tier 1,92.7,7.0,5258366.51,12.5,1,Low Risk
VND00578,63,55.74,7.43,396331569.95,Vendor_0578,Machinery,Tier 1,94.9,5.0,2669870.26,7.94,1,Low Risk
VND00967,75,55.71,6.81,480756595.92,Vendor_0967,Unknown,Tier 1,80.3,3.0,1709110.41,4.0,1,Low Risk
VND00155,40,55.56,5.14,316641065.79,Vendor_0155,Textiles,Tier 1,99.0,7.0,4038937.95,17.5,1,Low Risk
VND00612,49,55.56,5.53,335482810.61,Vendor_0612,Packaging,Tier 1,86.0,6.0,1855910.97,12.24,1,Low Risk
VND00948,39,55.56,6.17,259418776.23,Vendor_0948,Chemicals,Tier 1,93.0,4.0,2800385.02,10.26,1,Low Risk
VND00048,60,55.36,8.71,407909987.55,Vendor_0048,Machinery,Tier 2,66.4,2.0,330174.0,3.33,1,Low Risk
VND00145,61,55.36,5.7,341677391.61,Vendor_0145,Electronics,Tier 3,49.9,3.0,1784528.12,4.92,1,Low Risk
VND00147,59,55.36,7.34,355191914.32,Vendor_0147,Textiles,Tier 2,72.7,5.0,3811274.62,8.47,1,Low Risk
VND00224,57,55.36,6.36,416767793.97,Vendor_0224,Packaging,Tier 3,55.7,5.0,3732704.97,8.77,1,Low Risk
VND00959,59,55.36,6.2,277247995.68,Vendor_0959,Machinery,Tier 3,41.6,3.0,1026513.56,5.08,1,Low Risk
VND00204,51,55.32,6.4,353859606.78,Vendor_0204,Electronics,Tier 1,92.9,6.0,5640041.9,11.76,1,Low Risk
VND00312,48,55.32,5.89,284902772.2,Vendor_0312,Chemicals,Tier 3,35.5,4.0,2711505.72,8.33,1,Low Risk
VND00497,48,55.32,6.85,343020915.73,Vendor_0497,Electronics,Tier 2,70.9,1.0,22221.54,2.08,1,Low Risk
VND00826,50,55.32,6.57,273748332.15,Vendor_0826,Chemicals,Tier 1,94.4,4.0,2579847.83,8.0,1,Low Risk
VND00434,39,55.26,6.21,246212819.7,Vendor_0434,Raw Material,Tier 3,37.1,3.0,1143862.39,7.69,1,Low Risk
VND00633,62,55.17,6.71,396161742.45,Vendor_0633,Machinery,Tier 2,65.8,2.0,1699348.57,3.23,1,Low Risk
VND00928,60,55.17,8.12,376794349.43,Vendor_0928,Packaging,Tier 2,67.9,3.0,941562.98,5.0,1,Low Risk
VND00189,51,55.1,6.24,342521057.78,Vendor_0189,Chemicals,Tier 2,67.1,7.0,4870578.65,13.73,1,Low Risk
VND00394,52,55.1,7.92,253826413.5,Vendor_0394,IT Services,Tier 1,84.3,3.0,982143.48,5.77,1,Low Risk
VND00452,43,55.0,6.52,258824338.36,Vendor_0452,Packaging,Tier 2,69.1,5.0,4488683.75,11.63,1,Low Risk
VND00626,66,55.0,5.78,437441885.42,Vendor_0626,Logistics,Tier 3,55.8,3.0,438481.33,4.55,1,Low Risk
VND00464,65,54.84,4.79,338800917.33,Vendor_0464,Machinery,Tier 2,70.8,11.0,7878954.32,16.92,1,Low Risk
VND00922,42,54.76,6.38,229360039.53,Vendor_0922,Logistics,Tier 2,64.1,6.0,663458.4,14.29,1,Low Risk
VND00970,46,54.76,7.21,298124191.12,Vendor_0970,Logistics,Tier 2,63.3,3.0,1433573.89,6.52,1,Low Risk
VND00348,57,54.72,6.36,398177795.23,Vendor_0348,Packaging,Tier 3,33.2,4.0,2451399.6,7.02,1,Low Risk
VND00767,55,54.72,5.15,287411639.13,Vendor_0767,IT Services,Tier 1,83.4,7.0,2614893.67,12.73,1,Low Risk
VND00892,58,54.72,4.43,368211280.83,Vendor_0892,Packaging,Tier 1,89.9,7.0,2236498.12,12.07,1,Low Risk
VND00084,34,54.55,5.94,281547586.02,Vendor_0084,Raw Material,Tier 3,34.4,1.0,15375.18,2.94,1,Low Risk
VND00271,45,54.55,7.16,272500715.31,Vendor_0271,Machinery,Tier 1,86.7,1.0,1042851.48,2.22,1,Low Risk
VND00282,57,54.55,6.93,401571405.71,Vendor_0282,Packaging,Unclassified,,4.0,1831250.58,7.02,1,Low Risk
VND00295,45,54.55,5.68,233820754.07,Vendor_0295,IT Services,Tier 3,38.9,0.0,0.0,0.0,1,Low Risk
VND00102,59,54.39,6.25,447350693.88,Vendor_0102,Machinery,Tier 2,74.5,7.0,3573958.49,11.86,1,Low Risk
VND00110,50,54.35,6.17,293399999.58,Vendor_0110,IT Services,Tier 3,35.4,1.0,727161.34,2.0,1,Low Risk
VND00151,48,54.35,6.61,298298054.67,Vendor_0151,Logistics,Tier 1,93.6,3.0,2197045.65,6.25,1,Low Risk
VND00978,49,54.35,5.93,307022761.9,Vendor_0978,Machinery,Tier 3,33.6,4.0,2064668.98,8.16,1,Low Risk
VND00777,36,54.29,5.77,197104523.83,Vendor_0777,Logistics,Tier 3,46.0,2.0,3285613.97,5.56,1,Low Risk
VND00930,39,54.29,5.06,285764985.75,Vendor_0930,Raw Material,Tier 3,48.1,3.0,724732.21,7.69,1,Low Risk
VND00796,62,54.24,6.98,344242725.7,Vendor_0796,Packaging,Tier 1,91.0,5.0,2774190.38,8.06,1,Low Risk
VND00816,50,54.17,5.33,346559599.5,Vendor_0816,Electronics,Tier 2,66.3,9.0,4898748.19,18.0,1,Low Risk
VND01000,52,54.17,6.33,342860110.13,Vendor_1000,Chemicals,Tier 2,61.2,9.0,5104640.4,17.31,1,Low Risk
VND00328,40,54.05,4.65,253272020.23,Vendor_0328,Raw Material,Tier 2,72.8,6.0,4130943.34,15.0,1,Low Risk
VND00842,40,54.05,7.57,198663818.23,Vendor_0842,Machinery,Tier 2,76.4,2.0,2213491.35,5.0,1,Low Risk
VND00142,52,54.0,6.56,380408222.28,Vendor_0142,Textiles,Tier 3,47.6,4.0,2530998.55,7.69,1,Low Risk
VND00180,53,54.0,6.56,377687644.25,Vendor_0180,Machinery,Tier 3,39.6,3.0,2865034.85,5.66,1,Low Risk
VND00208,53,54.0,5.76,334132039.48,Vendor_0208,Logistics,Tier 2,76.4,8.0,2692024.61,15.09,1,Low Risk
VND00247,55,54.0,7.58,314240234.57,Vendor_0247,IT Services,Tier 2,60.0,2.0,540877.24,3.64,1,Low Risk
VND00264,53,54.0,6.44,385389920.09,Vendor_0264,Packaging,Tier 2,66.3,8.0,3826581.02,15.09,1,Low Risk
VND00009,43,53.85,4.85,249111731.29,Vendor_0009,Machinery,Tier 2,72.1,9.0,4118606.41,20.93,1,Low Risk
VND00952,57,53.85,6.0,377961621.71,Vendor_0952,Logistics,Tier 2,76.6,8.0,6224181.12,14.04,1,Low Risk
VND00290,57,53.7,8.91,338959146.52,Vendor_0290,Machinery,Tier 2,71.4,5.0,2418047.97,8.77,1,Low Risk
VND00265,44,53.66,6.12,266077258.51,Vendor_0265,Raw Material,Tier 1,91.4,7.0,4883135.84,15.91,1,Low Risk
VND00681,42,53.66,4.46,290950447.34,Vendor_0681,Raw Material,Tier 1,87.2,6.0,3694819.15,14.29,1,Low Risk
VND00887,45,53.66,7.17,258782447.21,Vendor_0887,Machinery,Tier 2,75.7,2.0,1176131.11,4.44,1,Low Risk
VND00769,59,53.57,5.23,352412934.77,Vendor_0769,IT Services,Tier 3,53.9,5.0,3793105.18,8.47,1,Low Risk
VND00498,45,53.49,5.86,319145758.87,Vendor_0498,Packaging,Tier 3,35.4,4.0,2874372.3,8.89,1,Low Risk
VND00766,45,53.49,5.65,331155721.31,Vendor_0766,Machinery,Tier 2,69.9,9.0,6210544.5,20.0,1,Low Risk
VND00972,46,53.49,7.16,292401433.49,Vendor_0972,Logistics,Tier 1,95.6,4.0,2200831.2,8.7,1,Low Risk
VND00292,63,53.45,6.47,327166198.94,Vendor_0292,Electronics,Tier 3,32.6,5.0,1088801.87,7.94,1,Low Risk
VND00628,61,53.33,5.57,366691132.95,Vendor_0628,Textiles,Tier 1,82.3,6.0,5714200.4,9.84,1,Low Risk
VND00411,51,53.19,5.57,333279122.13,Vendor_0411,Electronics,Tier 3,52.4,3.0,3199525.54,5.88,1,Low Risk
VND00700,50,53.19,5.04,314830343.38,Vendor_0700,Chemicals,Tier 2,63.7,6.0,2576705.59,12.0,1,Low Risk
VND00916,49,53.19,7.11,311102774.22,Vendor_0916,Chemicals,Tier 2,60.5,2.0,1363018.39,4.08,1,Low Risk
VND00160,50,53.06,7.82,340793112.26,Vendor_0160,Electronics,Tier 1,81.0,4.0,3925836.21,8.0,1,Low Risk
VND00602,52,53.06,4.06,320325718.2,Vendor_0602,Machinery,Tier 3,49.5,5.0,3799688.37,9.62,1,Low Risk
VND00107,55,52.94,5.33,346364389.97,Vendor_0107,Textiles,Tier 3,58.7,5.0,2891945.34,9.09,1,Low Risk
VND00717,54,52.94,7.2,246096636.92,Vendor_0717,Electronics,Tier 1,88.1,3.0,2242552.06,5.56,1,Low Risk
VND00707,56,52.73,5.04,296952075.62,Vendor_0707,Textiles,Tier 3,52.6,4.0,2280936.78,7.14,1,Low Risk
VND00230,59,52.63,5.25,400140747.05,Vendor_0230,Packaging,Tier 2,74.2,9.0,5353059.99,15.25,1,Low Risk
VND00710,43,52.63,5.76,270751337.66,Vendor_0710,Textiles,Tier 2,77.7,6.0,5081823.83,13.95,1,Low Risk
VND00491,42,52.5,6.62,254171833.83,Vendor_0491,Electronics,Tier 2,61.9,2.0,1912628.45,4.76,1,Low Risk
VND00594,43,52.5,6.45,306102913.48,Vendor_0594,Chemicals,Tier 3,54.2,2.0,517741.66,4.65,1,Low Risk
VND00965,43,52.5,5.0,244556136.43,Vendor_0965,Raw Material,Tier 3,50.2,4.0,2684129.82,9.3,1,Low Risk
VND00561,47,52.38,7.48,270394436.72,Vendor_0561,IT Services,Tier 2,79.3,4.0,1175627.82,8.51,1,Low Risk
VND00926,44,52.38,4.95,345713433.82,Vendor_0926,Textiles,Tier 3,31.6,3.0,2322691.02,6.82,1,Low Risk
VND00214,48,52.27,6.41,346701631.49,Vendor_0214,Machinery,Tier 3,45.7,2.0,997916.43,4.17,1,Low Risk
VND00087,71,52.24,4.97,432854375.3,Vendor_0087,Raw Material,Tier 1,81.1,9.0,6871403.15,12.68,1,Low Risk
VND00334,50,52.17,5.76,323579322.46,Vendor_0334,Electronics,Tier 3,38.1,4.0,1805886.03,8.0,1,Low Risk
VND00044,50,52.08,5.23,341639440.72,Vendor_0044,Packaging,Tier 1,93.7,6.0,4889209.04,12.0,1,Low Risk
VND00797,49,52.08,5.21,296650424.94,Vendor_0797,Textiles,Tier 1,95.2,8.0,2003395.45,16.33,1,Low Risk
VND00870,50,52.08,5.88,359959397.15,Vendor_0870,Raw Material,Tier 1,96.2,7.0,6355648.64,14.0,1,Low Risk
VND00131,52,52.0,5.82,313193023.3,Vendor_0131,Packaging,Tier 3,59.2,4.0,3097398.1,7.69,1,Low Risk
VND00802,50,52.0,5.3,325540937.61,Vendor_0802,Chemicals,Tier 3,40.7,4.0,1276313.84,8.0,1,Low Risk
VND00862,53,52.0,6.66,386916131.09,Vendor_0862,Textiles,Tier 2,61.7,4.0,1170999.83,7.55,1,Low Risk
VND00688,55,51.92,4.77,375694317.36,Vendor_0688,Raw Material,Tier 3,49.6,3.0,2429398.21,5.45,1,Low Risk
VND00921,56,51.92,5.56,424536378.2,Vendor_0921,Chemicals,Tier 1,90.8,6.0,5607983.08,10.71,1,Low Risk
VND00309,57,51.85,5.13,383668764.99,Vendor_0309,Machinery,Tier 1,85.7,6.0,6169571.71,10.53,1,Low Risk
VND00542,55,51.85,6.26,350406084.27,Vendor_0542,IT Services,Tier 2,72.4,7.0,4014477.64,12.73,1,Low Risk
VND00794,58,51.79,5.34,335166838.79,Vendor_0794,IT Services,Tier 2,72.8,8.0,5118269.72,13.79,1,Low Risk
VND00555,60,51.72,7.14,357137624.69,Vendor_0555,Logistics,Tier 1,91.4,2.0,288387.05,3.33,1,Low Risk
VND00571,65,51.72,7.19,378647335.5,Vendor_0571,Chemicals,Tier 2,66.0,5.0,5573597.95,7.69,1,Low Risk
VND00245,60,51.67,4.97,334020401.01,Vendor_0245,Logistics,Tier 3,31.1,3.0,2211199.38,5.0,1,Low Risk
VND00440,65,51.67,5.22,370400803.5,Vendor_0440,Textiles,Tier 3,35.7,5.0,4170604.91,7.69,1,Low Risk
VND00219,35,51.52,7.24,235443576.77,Vendor_0219,IT Services,Tier 2,75.5,3.0,987801.57,8.57,1,Low Risk
VND00413,35,51.52,4.82,188722992.32,Vendor_0413,Logistics,Tier 1,96.5,5.0,3285236.5,14.29,1,Low Risk
VND00941,33,51.52,6.12,189056367.64,Vendor_0941,Packaging,Tier 3,49.2,3.0,602862.24,9.09,1,Low Risk
VND00305,44,51.22,5.1,257569630.42,Vendor_0305,Textiles,Tier 1,80.8,8.0,2909147.22,18.18,1,Low Risk
VND00606,43,51.22,3.78,264912078.21,Vendor_0606,Raw Material,Tier 2,62.3,5.0,3330495.69,11.63,1,Low Risk
VND00696,48,51.22,6.49,278391240.52,Vendor_0696,Textiles,Tier 2,72.7,5.0,5870291.59,10.42,1,Low Risk
VND00904,44,51.22,5.9,279183566.05,Vendor_0904,Logistics,Tier 2,70.8,7.0,4673699.95,15.91,1,Low Risk
VND00617,47,51.16,5.26,280378000.29,Vendor_0617,Electronics,Tier 3,34.3,3.0,1153841.63,6.38,1,Low Risk
VND00690,46,51.16,6.28,328485282.1,Vendor_0690,Raw Material,Tier 3,43.1,2.0,1970807.9,4.35,1,Low Risk
VND00876,47,51.16,6.56,263090133.26,Vendor_0876,Logistics,Tier 3,40.9,1.0,1469138.64,2.13,1,Low Risk
VND00012,47,51.11,6.33,247352616.18,Vendor_0012,Electronics,Tier 1,97.9,5.0,3193299.03,10.64,1,Low Risk
VND00634,48,51.11,5.56,328097116.05,Vendor_0634,Textiles,Tier 2,67.2,6.0,6033387.1,12.5,1,Low Risk
VND00105,53,50.98,7.71,313859628.98,Vendor_0105,Logistics,Unclassified,,5.0,3282828.14,9.43,1,Low Risk
VND00157,53,50.98,4.16,363685669.18,Vendor_0157,Machinery,Tier 2,77.0,12.0,6166607.84,22.64,1,Low Risk
VND00669,53,50.98,6.06,309886708.5,Vendor_0669,Unknown,Tier 3,43.1,1.0,760623.56,1.89,1,Low Risk
VND00838,54,50.98,5.67,250858434.79,Vendor_0838,IT Services,Tier 3,55.4,4.0,3922806.58,7.41,1,Low Risk
VND00573,57,50.94,5.75,436656818.91,Vendor_0573,Chemicals,Tier 3,57.8,4.0,3250750.37,7.02,1,Low Risk
VND00854,67,50.79,5.3,476814606.33,Vendor_0854,Machinery,Tier 1,92.9,8.0,3095709.98,11.94,1,Low Risk
VND00006,53,50.0,5.44,342909070.48,Vendor_0006,Electronics,Tier 3,40.9,3.0,2861714.75,5.66,1,Low Risk
VND00053,43,50.0,5.84,285997740.96,Vendor_0053,Packaging,Tier 1,95.8,5.0,1439129.02,11.63,1,Low Risk
VND00077,45,50.0,4.38,324622613.88,Vendor_0077,Packaging,Tier 1,84.0,7.0,5608718.22,15.56,1,Low Risk
VND00080,43,50.0,5.03,250605166.68,Vendor_0080,Logistics,Tier 3,38.1,4.0,2099717.04,9.3,1,Low Risk
VND00093,44,50.0,7.19,218702594.14,Vendor_0093,Logistics,Tier 1,83.3,4.0,1471084.82,9.09,1,Low Risk
VND00272,56,50.0,5.13,412185615.15,Vendor_0272,Chemicals,Tier 1,86.7,6.0,4473980.69,10.71,1,Low Risk
VND00371,50,50.0,4.5,253989697.45,Vendor_0371,Packaging,Tier 3,37.1,3.0,1765361.19,6.0,1,Low Risk
VND00384,62,50.0,6.62,461667199.26,Vendor_0384,Packaging,Tier 1,91.4,1.0,379167.69,1.61,1,Low Risk
VND00488,54,50.0,6.48,309208617.2,Vendor_0488,Logistics,Tier 3,49.7,1.0,2063729.76,1.85,1,Low Risk
VND00662,55,50.0,6.9,361371627.38,Vendor_0662,Electronics,Tier 1,99.1,3.0,1806819.36,5.45,1,Low Risk
VND00670,56,50.0,5.46,348777166.02,Vendor_0670,Machinery,Tier 3,50.0,3.0,148643.6,5.36,1,Low Risk
VND00732,49,50.0,6.4,333373894.26,Vendor_0732,IT Services,Tier 1,87.0,9.0,5531669.43,18.37,1,Low Risk
VND00750,45,50.0,3.32,223026322.97,Vendor_0750,Textiles,Tier 2,73.7,7.0,5312350.42,15.56,1,Low Risk
VND00844,40,50.0,6.34,252795576.5,Vendor_0844,Machinery,Tier 1,97.3,5.0,6605983.95,12.5,1,Low Risk
VND00958,58,50.0,5.28,313670511.87,Vendor_0958,Textiles,Tier 3,33.3,5.0,3053766.18,8.62,1,Low Risk
VND00186,58,49.12,5.82,375017337.55,Vendor_0186,Logistics,Tier 2,76.2,9.0,4982984.5,15.52,1,Low Risk
VND00438,51,49.02,6.65,282226785.15,Vendor_0438,Chemicals,Tier 1,87.5,2.0,897532.48,3.92,1,Low Risk
VND00608,52,49.02,5.59,344224887.46,Vendor_0608,IT Services,Tier 3,55.5,2.0,2031670.76,3.85,1,Low Risk
VND00152,52,48.98,5.16,314140102.13,Vendor_0152,Logistics,Tier 3,46.8,3.0,2539262.25,5.77,1,Low Risk
VND00419,53,48.98,7.12,275354107.32,Vendor_0419,Packaging,Tier 2,77.1,5.0,6218860.4,9.43,1,Low Risk
VND00425,50,48.98,3.49,325934868.8,Vendor_0425,Textiles,Tier 3,34.0,4.0,2349124.29,8.0,1,Low Risk
VND00562,52,48.94,5.7,338615309.05,Vendor_0562,Raw Material,Tier 3,44.9,5.0,4355328.15,9.62,1,Low Risk
VND00678,48,48.94,4.21,298129688.57,Vendor_0678,IT Services,Tier 3,57.8,2.0,1863867.72,4.17,1,Low Risk
VND00752,49,48.89,6.02,311776970.68,Vendor_0752,IT Services,Tier 1,95.8,6.0,5985443.28,12.24,1,Low Risk
VND00040,47,48.84,6.14,340742669.57,Vendor_0040,Unknown,Tier 2,60.8,6.0,3270112.64,12.77,1,Low Risk
VND00064,45,48.84,3.53,272855156.95,Vendor_0064,IT Services,Tier 3,55.0,4.0,5606607.5,8.89,1,Low Risk
VND00259,45,48.78,6.54,231900337.43,Vendor_0259,IT Services,Tier 2,69.9,5.0,5448613.22,11.11,1,Low Risk
VND00301,42,48.78,4.15,281708723.18,Vendor_0301,Logistics,Tier 3,33.6,3.0,2118337.08,7.14,1,Low Risk
VND00733,41,48.65,6.24,267338952.69,Vendor_0733,IT Services,Tier 2,76.6,9.0,5883515.24,21.95,1,Low Risk
VND00850,38,48.48,3.79,276919705.39,Vendor_0850,IT Services,Tier 2,71.7,5.0,1250639.13,13.16,1,Low Risk
VND00249,62,48.28,3.72,367323687.88,Vendor_0249,Raw Material,Tier 1,97.5,6.0,4466927.7,9.68,1,Low Risk
VND00260,36,48.28,5.31,160930092.39,Vendor_0260,Textiles,Tier 3,36.8,2.0,806129.22,5.56,1,Low Risk
VND00303,60,48.28,4.74,387304893.98,Vendor_0303,Raw Material,Tier 2,67.8,6.0,7290688.71,10.0,1,Low Risk
VND00692,53,48.08,4.4,386100427.93,Vendor_0692,IT Services,Tier 3,59.8,4.0,3292527.21,7.55,1,Low Risk
VND00177,48,47.83,4.15,202062199.63,Vendor_0177,Textiles,Tier 2,78.4,8.0,5247398.32,16.67,1,Low Risk
VND00188,49,47.83,5.78,361386462.84,Vendor_0188,Raw Material,Tier 2,68.9,5.0,4329065.17,10.2,1,Low Risk
VND00691,45,47.73,4.66,305322732.26,Vendor_0691,Packaging,Tier 3,52.7,3.0,1431251.59,6.67,1,Low Risk
VND00793,46,47.73,7.36,304176263.3,Vendor_0793,Electronics,Tier 2,65.4,4.0,1965436.07,8.7,1,Low Risk
VND00357,46,47.62,5.12,272781177.68,Vendor_0357,IT Services,Tier 3,31.9,4.0,2573316.5,8.7,1,Low Risk
VND00574,43,47.62,5.83,301365478.69,Vendor_0574,Chemicals,Tier 2,73.5,5.0,3931572.98,11.63,1,Low Risk
VND00679,44,47.62,3.21,234225138.35,Vendor_0679,IT Services,Tier 1,97.9,7.0,5894233.4,15.91,1,Low Risk
VND00741,43,47.62,5.74,268020815.37,Vendor_0741,Unknown,Tier 2,62.4,10.0,6028128.96,23.26,1,Low Risk
VND00790,44,47.62,6.5,219795277.4,Vendor_0790,Chemicals,Tier 1,96.3,7.0,6301763.69,15.91,1,Low Risk
VND00149,44,47.5,6.1,215982674.48,Vendor_0149,Electronics,Tier 3,33.6,2.0,982757.82,4.55,1,Low Risk
VND00545,41,47.5,5.8,236509148.71,Vendor_0545,IT Services,Tier 2,73.3,8.0,5400277.98,19.51,1,Low Risk
VND00579,44,47.5,4.7,245841593.65,Vendor_0579,Logistics,Tier 2,64.4,5.0,3982357.36,11.36,1,Low Risk
VND00778,41,47.5,4.95,204598691.0,Vendor_0778,Textiles,Tier 1,80.6,6.0,4729718.92,14.63,1,Low Risk
VND00645,56,47.06,3.98,354156937.59,Vendor_0645,Electronics,Tier 3,38.4,5.0,4746831.38,8.93,1,Low Risk
VND00379,52,46.94,5.37,317731140.45,Vendor_0379,Logistics,Tier 1,87.0,6.0,3749133.63,11.54,1,Low Risk
VND00310,51,46.67,4.67,307828384.9,Vendor_0310,Chemicals,Tier 3,49.0,2.0,2055525.92,3.92,1,Low Risk
VND00421,45,46.51,5.26,294795353.01,Vendor_0421,Textiles,Tier 1,85.4,7.0,2743846.63,15.56,1,Low Risk
VND00675,49,46.51,5.98,333923807.01,Vendor_0675,Machinery,Tier 3,58.7,4.0,1374436.48,8.16,1,Low Risk
VND00729,46,46.51,4.12,302761969.8,Vendor_0729,Machinery,Tier 3,44.1,4.0,1202653.89,8.7,1,Low Risk
VND00913,47,46.51,5.21,273658360.68,Vendor_0913,Chemicals,Tier 2,73.7,11.0,4202609.53,23.4,1,Low Risk
VND00589,60,46.43,5.62,361206363.82,Vendor_0589,Machinery,Tier 3,39.0,5.0,2099658.15,8.33,1,Low Risk
VND00465,46,46.34,5.95,187838639.3,Vendor_0465,Textiles,Tier 1,97.4,6.0,2171472.97,13.04,1,Low Risk
VND00768,43,46.34,6.9,271827723.58,Vendor_0768,Packaging,Tier 1,91.4,4.0,2432127.72,9.3,1,Low Risk
VND00994,42,46.34,2.88,240010728.63,Vendor_0994,Packaging,Tier 2,71.3,7.0,5175742.33,16.67,1,Low Risk
VND00572,57,46.3,5.02,400239846.57,Vendor_0572,Textiles,Tier 1,84.9,11.0,9154825.46,19.3,1,Low Risk
VND00931,56,46.3,5.11,375355195.35,Vendor_0931,Machinery,Tier 3,39.8,5.0,3469664.29,8.93,1,Low Risk
VND00532,43,46.15,6.21,260844830.74,Vendor_0532,Chemicals,Tier 1,100.0,5.0,1294343.82,11.63,1,Low Risk
VND00136,53,46.0,4.44,311771362.48,Vendor_0136,Logistics,Tier 3,52.6,4.0,2094258.83,7.55,1,Low Risk
VND00894,47,45.65,3.07,266931331.83,Vendor_0894,Machinery,Tier 3,57.8,4.0,2985491.24,8.51,1,Low Risk
VND00895,48,45.45,4.93,343721389.21,Vendor_0895,Packaging,Tier 2,76.8,7.0,2300570.12,14.58,1,Low Risk
VND00836,65,45.31,4.17,453850040.96,Vendor_0836,Textiles,Tier 3,59.3,4.0,1574876.78,6.15,1,Low Risk
VND00018,45,45.24,4.79,231804593.73,Vendor_0018,Chemicals,Tier 2,66.7,7.0,4102953.42,15.56,1,Low Risk
VND00279,45,45.24,4.21,286582416.39,Vendor_0279,Textiles,Tier 2,79.1,9.0,5707681.1,20.0,1,Low Risk
VND00266,42,45.0,6.58,302317165.37,Vendor_0266,Chemicals,Tier 1,81.9,4.0,2826587.51,9.52,1,Low Risk
VND00744,53,44.9,5.31,363144491.19,Vendor_0744,IT Services,Tier 2,65.2,7.0,6225213.37,13.21,1,Low Risk
VND00324,39,44.74,3.11,210308403.83,Vendor_0324,Electronics,Tier 3,49.6,1.0,996909.24,2.56,1,Low Risk
VND00338,50,44.68,4.81,269839514.72,Vendor_0338,Machinery,Tier 2,79.3,5.0,3225098.35,10.0,1,Low Risk
VND00932,57,44.23,3.46,282709080.15,Vendor_0932,IT Services,Tier 1,88.4,7.0,2530655.18,12.28,1,Low Risk
VND00757,50,44.0,6.06,340606357.62,Vendor_0757,Logistics,Tier 2,73.4,5.0,2316606.81,10.0,1,Low Risk
VND00534,55,43.64,5.15,354280857.89,Vendor_0534,Electronics,Tier 2,68.9,6.0,2936118.04,10.91,1,Low Risk
VND00951,42,43.59,5.77,239710195.12,Vendor_0951,IT Services,Tier 2,72.0,5.0,4251049.99,11.9,1,Low Risk
VND00974,47,43.48,4.43,307660062.7,Vendor_0974,Logistics,Tier 3,45.0,4.0,2616048.12,8.51,1,Low Risk
VND00158,41,43.24,5.57,357255914.54,Vendor_0158,IT Services,Tier 1,83.3,8.0,7343354.49,19.51,1,Low Risk
VND00261,46,43.18,3.64,253865373.41,Vendor_0261,Raw Material,Tier 2,73.1,6.0,4114360.61,13.04,1,Low Risk
VND00108,56,43.14,5.69,409806607.82,Vendor_0108,Chemicals,Tier 1,82.9,8.0,5974696.68,14.29,1,Low Risk
VND00639,64,42.86,5.76,290785901.61,Vendor_0639,Logistics,Tier 3,48.8,4.0,4524757.75,6.25,1,Low Risk
VND00430,46,42.5,6.15,238412462.38,Vendor_0430,Raw Material,Tier 3,38.2,0.0,0.0,0.0,1,Low Risk
VND00779,42,42.5,6.82,246682162.49,Vendor_0779,Logistics,Tier 1,80.4,4.0,3002178.59,9.52,1,Low Risk
VND00644,55,42.31,5.94,349343903.52,Vendor_0644,Packaging,Tier 3,52.9,3.0,3427610.28,5.45,1,Low Risk
VND00680,46,42.22,4.93,264978066.92,Vendor_0680,Electronics,Tier 1,90.6,10.0,7819354.63,21.74,1,Low Risk
VND00947,47,42.22,5.78,297287674.0,Vendor_0947,Raw Material,Tier 3,39.6,4.0,1146582.97,8.51,1,Low Risk
VND00480,56,42.0,5.54,329180180.58,Vendor_0480,Logistics,Tier 2,66.6,7.0,3080779.29,12.5,1,Low Risk
VND00786,53,42.0,6.08,341912563.65,Vendor_0786,Packaging,Tier 1,93.6,7.0,3232484.41,13.21,1,Low Risk
VND00377,47,41.86,4.67,316492554.88,Vendor_0377,IT Services,Tier 1,89.1,6.0,6758771.27,12.77,1,Low Risk
VND00528,53,41.67,4.62,297517958.1,Vendor_0528,IT Services,Tier 3,49.1,1.0,551868.72,1.89,1,Low Risk
VND00563,50,41.3,3.89,352448681.87,Vendor_0563,Electronics,Tier 3,39.5,4.0,2265145.15,8.0,1,Low Risk
VND00901,50,41.3,4.57,399725072.64,Vendor_0901,IT Services,Tier 3,44.6,1.0,1175680.09,2.0,1,Low Risk
VND00390,51,40.82,4.37,376565313.41,Vendor_0390,IT Services,Tier 1,86.5,6.0,7337358.12,11.76,1,Low Risk
VND00795,55,40.38,5.23,321171368.29,Vendor_0795,Raw Material,Tier 3,31.3,5.0,868959.3,9.09,1,Low Risk
VND00414,42,40.0,5.72,250021234.06,Vendor_0414,Machinery,Tier 2,70.1,6.0,1736532.54,14.29,1,Low Risk
VND00103,57,39.62,5.23,398412042.41,Vendor_0103,Textiles,Tier 3,52.0,3.0,3096657.02,5.26,1,Low Risk
VND00194,35,38.24,4.91,173668045.6,Vendor_0194,Raw Material,Tier 2,74.3,5.0,2773137.38,14.29,1,Low Risk
VND00289,47,37.78,4.69,265053557.34,Vendor_0289,Logistics,Tier 3,50.1,4.0,4483005.94,8.51,1,Low Risk
VND00237,53,37.5,3.58,315134886.61,Vendor_0237,Machinery,Tier 3,49.7,2.0,412165.13,3.77,1,Low Risk
VND00222,38,37.14,4.97,227078040.09,Vendor_0222,Logistics,Tier 2,69.8,5.0,3808994.94,13.16,1,Low Risk
VND00055,41,35.9,5.49,242146677.45,Vendor_0055,Electronics,Tier 2,71.9,4.0,3002556.99,9.76,1,Low Risk
VND00412,46,31.71,2.95,304057998.36,Vendor_0412,Machinery,Tier 1,96.5,5.0,1468713.18,10.87,1,Low Risk
VND00736,46,30.95,4.26,256994673.82,Vendor_0736,Unknown,Tier 1,91.4,8.0,5010383.55,17.39,1,Low Risk
VND00051,48,55.81,5.88,267783562.34,Vendor_0051,Chemicals,Tier 1,97.9,2.0,1645459.98,4.17,0,Low Risk
VND00273,46,55.81,5.0,391366031.66,Vendor_0273,Raw Material,Tier 1,90.7,3.0,592439.62,6.52,0,Low Risk
VND00170,52,55.77,5.04,325756166.46,Vendor_0170,IT Services,Tier 2,71.4,5.0,2562293.57,9.62,0,Low Risk
VND00743,62,55.56,5.17,417901489.39,Vendor_0743,Electronics,Tier 1,82.3,5.0,1053679.51,8.06,0,Low Risk
VND00746,52,55.32,5.96,258463332.14,Vendor_0746,Packaging,Tier 1,93.0,2.0,577687.4,3.85,0,Low Risk
VND00869,50,55.32,6.49,356043848.79,Vendor_0869,Raw Material,Tier 1,90.3,4.0,3504999.81,8.0,0,Low Risk
VND00811,58,55.17,5.84,342604323.45,Vendor_0811,Logistics,Tier 1,98.9,3.0,3328015.21,5.17,0,Low Risk
VND00258,49,55.1,5.78,365058956.05,Vendor_0258,Packaging,Tier 2,78.7,2.0,415285.2,4.08,0,Low Risk
VND00049,56,54.9,5.67,358740839.26,Vendor_0049,Textiles,Tier 2,68.3,3.0,2283291.24,5.36,0,Low Risk
VND00115,59,54.55,4.75,313890802.98,Vendor_0115,Chemicals,Unclassified,,4.0,4600507.08,6.78,0,Low Risk
VND00552,52,54.55,4.5,317778856.27,Vendor_0552,Unknown,Tier 1,89.7,5.0,2991008.94,9.62,0,Low Risk
VND00484,49,54.17,6.08,275388386.83,Vendor_0484,Logistics,Tier 2,73.9,2.0,1932651.18,4.08,0,Low Risk
VND00646,51,54.17,6.5,368780585.16,Vendor_0646,Packaging,Tier 1,92.3,2.0,1877844.24,3.92,0,Low Risk
VND00739,51,54.17,6.48,382871722.44,Vendor_0739,Raw Material,Tier 2,60.7,3.0,1547087.74,5.88,0,Low Risk
VND00004,56,54.0,6.54,329536613.61,Vendor_0004,Chemicals,Tier 2,71.9,4.0,3789354.45,7.14,0,Low Risk
VND00986,52,54.0,4.06,393605456.63,Vendor_0986,Raw Material,Tier 2,64.7,5.0,3330366.35,9.62,0,Low Risk
VND00175,55,53.85,5.23,347733901.0,Vendor_0175,Textiles,Tier 2,75.2,3.0,771410.75,5.45,0,Low Risk
VND00233,54,53.85,6.1,344931682.14,Vendor_0233,Raw Material,Tier 2,70.4,4.0,1948605.46,7.41,0,Low Risk
VND00549,42,53.85,4.9,241484526.9,Vendor_0549,Chemicals,Tier 2,66.4,4.0,2840007.59,9.52,0,Low Risk
VND00171,56,53.7,6.48,374417805.73,Vendor_0171,Logistics,Tier 2,77.4,5.0,2643336.93,8.93,0,Low Risk
VND00097,59,53.57,5.66,361418287.84,Vendor_0097,Electronics,Tier 2,66.6,5.0,2065948.01,8.47,0,Low Risk
VND00456,45,53.49,6.53,266075278.34,Vendor_0456,Textiles,Tier 2,64.5,3.0,2927691.15,6.67,0,Low Risk
VND00114,45,53.33,6.22,306922579.74,Vendor_0114,Electronics,Tier 1,86.6,4.0,2536298.88,8.89,0,Low Risk
VND00029,52,53.19,3.96,339052921.0,Vendor_0029,Logistics,Tier 2,71.5,5.0,5147511.81,9.62,0,Low Risk
VND00212,51,53.06,5.2,248708938.73,Vendor_0212,Textiles,Tier 2,78.4,2.0,1171876.66,3.92,0,Low Risk
VND00299,54,52.94,6.25,399192754.15,Vendor_0299,Chemicals,Tier 2,73.6,5.0,2816567.0,9.26,0,Low Risk
VND00649,53,52.94,5.73,400403266.57,Vendor_0649,IT Services,Tier 1,85.2,4.0,5050263.75,7.55,0,Low Risk
VND00502,58,52.73,4.47,396044372.21,Vendor_0502,Machinery,Tier 2,67.5,2.0,440591.05,3.45,0,Low Risk
VND00942,55,52.73,5.84,297245825.82,Vendor_0942,Textiles,Tier 2,68.8,3.0,404371.47,5.45,0,Low Risk
VND00485,65,52.63,6.51,371987859.92,Vendor_0485,Logistics,Tier 2,70.9,4.0,2250571.24,6.15,0,Low Risk
VND00513,58,52.63,6.12,312987072.3,Vendor_0513,Textiles,Tier 1,95.3,4.0,2193289.06,6.9,0,Low Risk
VND00650,45,52.5,6.0,359294005.3,Vendor_0650,IT Services,Tier 2,64.9,4.0,2998831.92,8.89,0,Low Risk
VND00019,65,52.46,5.43,448967866.56,Vendor_0019,Chemicals,Tier 2,60.2,5.0,3563893.21,7.69,0,Low Risk
VND00095,50,52.27,4.3,293700746.6,Vendor_0095,Electronics,Tier 1,84.0,1.0,153277.14,2.0,0,Low Risk
VND00267,48,52.27,5.73,324280138.56,Vendor_0267,Packaging,Tier 2,78.8,2.0,872863.88,4.17,0,Low Risk
VND00787,49,52.27,5.27,290298674.61,Vendor_0787,IT Services,Tier 2,70.8,4.0,2738521.04,8.16,0,Low Risk
VND00525,50,52.17,5.98,291104452.14,Vendor_0525,Textiles,Tier 1,88.7,2.0,1682750.64,4.0,0,Low Risk
VND00987,47,52.17,6.0,194614982.27,Vendor_0987,Chemicals,Tier 2,78.2,3.0,1625226.66,6.38,0,Low Risk
VND00918,52,52.08,6.35,257143126.96,Vendor_0918,Logistics,Tier 1,96.4,5.0,1645681.97,9.62,0,Low Risk
VND00008,55,51.92,5.81,378363779.48,Vendor_0008,Logistics,Tier 1,90.6,2.0,1316033.19,3.64,0,Low Risk
VND00863,62,51.67,6.55,363546245.89,Vendor_0863,Chemicals,Tier 2,66.7,5.0,2338902.64,8.06,0,Low Risk
VND00971,49,51.11,5.6,296180635.83,Vendor_0971,Electronics,Tier 2,76.5,3.0,2660267.03,6.12,0,Low Risk
VND00046,49,51.06,4.85,284719283.74,Vendor_0046,Packaging,Tier 2,76.4,3.0,1552446.18,6.12,0,Low Risk
VND00256,51,51.06,5.11,283743000.47,Vendor_0256,Packaging,Tier 2,69.0,3.0,3296841.08,5.88,0,Low Risk
VND00977,54,51.06,6.11,312565367.05,Vendor_0977,Raw Material,Tier 2,71.7,4.0,2548293.51,7.41,0,Low Risk
VND00458,55,50.98,4.33,416071622.32,Vendor_0458,Electronics,Tier 2,62.8,5.0,4410976.3,9.09,0,Low Risk
VND00858,56,50.98,6.49,311027504.24,Vendor_0858,Textiles,Tier 2,63.0,5.0,3794466.57,8.93,0,Low Risk
VND00979,53,50.98,5.37,325909767.7,Vendor_0979,Packaging,Tier 2,64.7,2.0,1835635.67,3.77,0,Low Risk
VND00537,48,50.0,6.5,332260230.74,Vendor_0537,Logistics,Tier 1,89.5,3.0,1094424.96,6.25,0,Low Risk
VND00859,55,50.0,5.98,358259171.26,Vendor_0859,Unknown,Tier 2,69.5,5.0,4140970.21,9.09,0,Low Risk
VND00068,61,49.12,6.23,393044607.06,Vendor_0068,Machinery,Tier 1,86.2,5.0,3800287.16,8.2,0,Low Risk
VND00141,58,49.09,5.2,349166362.05,Vendor_0141,Textiles,Tier 1,97.4,5.0,1576377.45,8.62,0,Low Risk
VND00962,57,49.06,4.25,349964547.18,Vendor_0962,IT Services,Tier 2,72.2,0.0,0.0,0.0,0,Low Risk
VND00475,52,49.02,5.08,275282146.07,Vendor_0475,Electronics,Tier 2,66.9,1.0,463091.2,1.92,0,Low Risk
VND00792,52,49.02,4.78,351775103.69,Vendor_0792,IT Services,Tier 2,71.0,4.0,2718094.94,7.69,0,Low Risk
VND00232,51,48.89,5.56,331595272.97,Vendor_0232,Machinery,Tier 2,65.2,1.0,121436.44,1.96,0,Low Risk
VND00583,49,48.89,5.96,250545949.34,Vendor_0583,Electronics,Tier 2,64.5,3.0,2539445.85,6.12,0,Low Risk
VND00351,42,48.72,6.31,270527916.96,Vendor_0351,Raw Material,Tier 2,65.2,2.0,1587183.0,4.76,0,Low Risk
VND00042,38,48.65,5.32,264890976.62,Vendor_0042,Textiles,Tier 2,64.7,3.0,2947444.15,7.89,0,Low Risk
VND00990,66,48.39,6.1,495073897.98,Vendor_0990,Raw Material,Tier 1,87.3,3.0,297310.44,4.55,0,Low Risk
VND00878,55,48.08,5.02,357864223.93,Vendor_0878,Packaging,Tier 2,76.1,3.0,1647031.59,5.45,0,Low Risk
VND00636,52,48.0,5.94,356635177.01,Vendor_0636,Raw Material,Tier 2,61.3,2.0,1207452.34,3.85,0,Low Risk
VND00021,53,47.92,6.23,370256236.35,Vendor_0021,Machinery,Tier 2,72.8,3.0,2508874.03,5.66,0,Low Risk
VND00402,54,47.92,4.92,331354358.63,Vendor_0402,IT Services,Tier 1,93.2,5.0,2343875.86,9.26,0,Low Risk
VND00708,51,47.83,6.0,261754637.89,Vendor_0708,IT Services,Tier 1,86.7,2.0,2685333.42,3.92,0,Low Risk
VND00481,46,47.73,6.55,288896285.42,Vendor_0481,Electronics,Tier 2,74.1,1.0,2129940.96,2.17,0,Low Risk
VND00483,42,47.5,4.25,274049676.95,Vendor_0483,Raw Material,Tier 2,61.8,4.0,4487704.63,9.52,0,Low Risk
VND00499,45,47.5,5.03,310886938.86,Vendor_0499,Machinery,Tier 1,98.2,4.0,1118437.09,8.89,0,Low Risk
VND00553,59,47.37,4.61,434566138.39,Vendor_0553,Logistics,Tier 2,68.6,4.0,1435546.85,6.78,0,Low Risk
VND00712,62,47.37,4.72,369116024.06,Vendor_0712,IT Services,Tier 2,71.7,4.0,3841133.19,6.45,0,Low Risk
VND00227,42,47.06,4.62,270806075.38,Vendor_0227,Logistics,Tier 1,98.1,1.0,833654.07,2.38,0,Low Risk
VND00566,51,46.94,5.04,266047354.58,Vendor_0566,Textiles,Tier 2,71.3,1.0,1231051.36,1.96,0,Low Risk
VND00624,55,46.94,4.12,379453420.36,Vendor_0624,Machinery,Tier 2,63.9,3.0,1675001.51,5.45,0,Low Risk
VND00140,47,46.67,3.8,312000622.79,Vendor_0140,Chemicals,Tier 1,98.0,2.0,2994265.55,4.26,0,Low Risk
VND00637,49,46.67,4.96,268526035.74,Vendor_0637,Electronics,Tier 2,67.3,3.0,639470.3,6.12,0,Low Risk
VND00119,63,46.55,4.03,389727051.32,Vendor_0119,Raw Material,Tier 1,92.5,6.0,3232831.32,9.52,0,Low Risk
VND00943,47,46.51,4.93,251561849.57,Vendor_0943,Electronics,Tier 2,75.6,4.0,5024951.74,8.51,0,Low Risk
VND00367,43,46.15,5.46,315078461.08,Vendor_0367,Logistics,Tier 1,97.3,3.0,501612.45,6.98,0,Low Risk
VND00505,57,46.15,4.6,428728069.27,Vendor_0505,Logistics,Tier 2,77.9,4.0,3851670.89,7.02,0,Low Risk
VND00569,40,46.15,5.59,299607795.55,Vendor_0569,Chemicals,Tier 1,93.3,3.0,345683.41,7.5,0,Low Risk
VND00676,38,45.71,4.57,253538031.24,Vendor_0676,Textiles,Tier 1,98.8,0.0,0.0,0.0,0,Low Risk
VND00164,48,45.65,5.46,278016188.5,Vendor_0164,Raw Material,Tier 2,67.5,1.0,40420.45,2.08,0,Low Risk
VND00297,72,45.59,6.1,483567378.34,Vendor_0297,Logistics,Tier 1,83.9,6.0,2074885.65,8.33,0,Low Risk
VND00914,53,45.1,4.12,286635730.47,Vendor_0914,Machinery,Unclassified,,4.0,2394539.42,7.55,0,Low Risk
VND00798,63,44.26,4.82,435861385.99,Vendor_0798,Packaging,Tier 2,69.6,4.0,4292872.16,6.35,0,Low Risk
VND00347,45,44.19,5.05,292560420.49,Vendor_0347,Textiles,Tier 2,74.5,2.0,932882.17,4.44,0,Low Risk
VND00969,35,44.12,2.26,195703453.0,Vendor_0969,Unknown,Tier 2,69.6,1.0,1687869.82,2.86,0,Low Risk
VND00311,53,44.0,6.1,248779004.06,Vendor_0311,Textiles,Tier 2,60.7,5.0,4408044.39,9.43,0,Low Risk
VND00756,52,44.0,4.0,380795795.02,Vendor_0756,Textiles,Tier 1,85.6,4.0,3336872.62,7.69,0,Low Risk
VND00907,41,43.9,3.29,267504135.13,Vendor_0907,Electronics,Tier 1,87.2,3.0,1161248.16,7.32,0,Low Risk
VND00368,52,43.75,6.02,364750885.77,Vendor_0368,Machinery,Tier 1,93.4,5.0,3595866.49,9.62,0,Low Risk
VND00915,49,43.48,4.76,348232155.85,Vendor_0915,Textiles,Tier 2,68.6,2.0,501176.2,4.08,0,Low Risk
VND00463,55,42.86,4.29,357235344.6,Vendor_0463,Raw Material,Tier 1,82.2,3.0,3478035.42,5.45,0,Low Risk
VND00454,55,42.59,5.69,356850440.71,Vendor_0454,Packaging,Tier 1,93.4,4.0,1469629.32,7.27,0,Low Risk
VND00215,44,42.11,5.39,314141731.46,Vendor_0215,IT Services,Tier 2,79.9,1.0,213614.0,2.27,0,Low Risk
VND00433,54,41.51,3.45,295563618.38,Vendor_0433,Textiles,Unclassified,,5.0,2876532.09,9.26,0,Low Risk
VND00780,48,40.91,5.55,251325957.53,Vendor_0780,Textiles,Tier 2,74.9,4.0,1364340.54,8.33,0,Low Risk
VND00663,43,40.54,5.03,226600563.54,Vendor_0663,Logistics,Tier 2,72.4,4.0,2544103.51,9.3,0,Low Risk
VND00492,51,39.58,5.15,350761802.97,Vendor_0492,Logistics,Tier 2,73.4,4.0,3476443.13,7.84,0,Low Risk
VND00721,42,39.02,3.88,283278588.58,Vendor_0721,Unknown,Tier 1,95.7,4.0,2223218.17,9.52,0,Low Risk
VND00720,54,34.0,4.34,388928961.97,Vendor_0720,IT Services,Tier 1,81.2,2.0,1160722.09,3.7,0,Low Risk
VND00277,39,33.33,3.03,216821349.87,Vendor_0277,Electronics,Tier 1,85.9,3.0,1455457.99,7.69,0,Low Risk
